market_id,predicted_variance,ground_truth_variance,variance_bin,prediction_std,prediction_error,elapsed_seconds
Admin 209-1747147607-0x7469746c653a2041646d696e207,0.05,0.2061949519157207,,0.0,0.1561949519157207,7.283896446228027
Admin 208-1744907975-0x7469746c653a2041646d696e207,0.02,0.0002196869722439,,0.0,0.0197803130277561,5.55398964881897
YES_OR_NO_QUERY-1744562521-0x713a207469746c653a205,0.05,0.0,,0.0,0.05,9.140639305114746
YES_OR_NO_QUERY-1744496271-0x713a207469746c653a205,0.2,2.3563822649124736e-05,,0.0,0.1999764361773509,7.68272590637207
YES_OR_NO_QUERY-1744488852-0x713a207469746c653a205,0.15,0.0013112094009311,,0.0,0.1486887905990689,7.210887670516968
YES_OR_NO_QUERY-1744476370-0x713a207469746c653a205,0.15,0.0295443141321259,,0.0,0.1204556858678741,8.491185188293457
YES_OR_NO_QUERY-1744387263-0x713a207469746c653a205,0.05,2.98920276843031e-05,,0.0,0.0499701079723157,6.973736047744751
YES_OR_NO_QUERY-1744288423-0x713a207469746c653a205,0.05,0.0,,0.0,0.05,7.820863723754883
YES_OR_NO_QUERY-1744227845-0x713a207469746c653a204,0.0,0.2087399589190615,,0.0,0.2087399589190615,8.085504055023193
YES_OR_NO_QUERY-1743973345-0x713a207469746c653a204,0.0,0.0,,0.0,0.0,7.321479797363281
YES_OR_NO_QUERY-1743924900-0x713a207469746c653a205,0.05,0.0,,0.0,0.05,6.104201078414917
YES_OR_NO_QUERY-1743878223-0x713a207469746c653a205,0.08,0.0059579151665549,,0.0,0.0740420848334451,6.736099481582642
YES_OR_NO_QUERY-1743871139-0x713a207469746c653a205,0.08,0.0059579151665549,,0.0,0.0740420848334451,6.684715747833252
YES_OR_NO_QUERY-1743798012-0x713a207469746c653a204,0.08,1.2798661466920946e-06,,0.0,0.07999872013385331,6.388834714889526
YES_OR_NO_QUERY-1743769863-0x713a207469746c653a205,0.0,0.00637343537341,,0.0,0.00637343537341,6.252793788909912
YES_OR_NO_QUERY-1743737060-0x713a207469746c653a205,0.15,2.431094434194336e-05,,0.0,0.14997568905565806,8.458308219909668
YES_OR_NO_QUERY-1743733662-0x713a207469746c653a205,0.15,2.431094434194335e-05,,0.0,0.14997568905565806,8.452979803085327
Admin 206-1743714419-0x7469746c653a2041646d696e206,0.05,0.0242735951282683,,0.0,0.025726404871731702,5.007729530334473
YES_OR_NO_QUERY-1743695603-0x713a207469746c653a205,0.15,0.0381646508482982,,0.0,0.11183534915170179,9.445131301879883
YES_OR_NO_QUERY-1743641392-0x713a207469746c653a205,0.15,0.0226261127440552,,0.0,0.12737388725594478,7.311112642288208
YES_OR_NO_QUERY-1743629598-0x713a207469746c653a205,0.25,0.0163685480503656,,0.0,0.2336314519496344,7.577499628067017
YES_OR_NO_QUERY-1743629000-0x713a207469746c653a205,0.25,0.0163692980392339,,0.0,0.2336307019607661,7.510617971420288
YES_OR_NO_QUERY-1743627674-0x713a207469746c653a205,0.15,0.0163685540985424,,0.0,0.1336314459014576,6.833267688751221
YES_OR_NO_QUERY-1743603214-0x713a207469746c653a205,0.15,0.021142937288958,,0.0,0.128857062711042,7.292686700820923
YES_OR_NO_QUERY-1743523245-0x713a207469746c653a204,0.02,1.9820150848356467e-05,,0.0,0.019980179849151646,8.683301448822021
YES_OR_NO_QUERY-1743511407-0x713a207469746c653a205,0.15,0.2461913554765062,,0.0,0.0961913554765062,6.512824296951294
YES_OR_NO_QUERY-1743499292-0x713a207469746c653a205,0.15,0.2380671521318315,,0.0,0.0880671521318315,8.082790851593018
YES_OR_NO_QUERY-1743499164-0x713a207469746c653a205,0.15,0.2357058190575142,,0.0,0.0857058190575142,7.301428318023682
YES_OR_NO_QUERY-1743496438-0x713a207469746c653a205,0.15,0.1004477248423003,,0.0,0.04955227515769969,8.563005924224854
YES_OR_NO_QUERY-1743495996-0x713a207469746c653a205,0.15,0.1024319607114677,,0.0,0.04756803928853229,8.495841264724731
YES_OR_NO_QUERY-1743491600-0x713a207469746c653a205,0.15,0.2446146342272275,,0.0,0.09461463422722752,6.560965299606323
YES_OR_NO_QUERY-1743478498-0x713a207469746c653a204,0.08,0.0029713430742236,,0.0,0.0770286569257764,7.382469892501831
YES_OR_NO_QUERY-1743471421-0x713a207469746c653a205,0.0,1.440876941634339e-06,,0.0,1.440876941634339e-06,5.446363210678101
YES_OR_NO_QUERY-1743462857-0x713a207469746c653a205,0.02,1.440876941634339e-06,,0.0,0.019998559123058365,6.351947546005249
YES_OR_NO_QUERY-1743460555-0x713a207469746c653a205,0.15,0.0066046865929643,,0.0,0.1433953134070357,7.362864971160889
YES_OR_NO_QUERY-1743457444-0x713a207469746c653a205,0.15,4.848346452721594e-05,,0.0,0.14995151653547278,7.574143648147583
YES_OR_NO_QUERY-1743452791-0x713a207469746c653a205,0.15,1.440876941634339e-06,,0.0,0.14999855912305837,7.597137928009033
YES_OR_NO_QUERY-1743350471-0x713a207469746c653a204,0.02,5.278676213561398e-07,,0.0,0.019999472132378644,8.658163070678711
YES_OR_NO_QUERY-1743102364-0x713a207469746c653a205,0.15,5.274685112417861e-07,,0.0,0.14999947253148876,6.717688322067261
YES_OR_NO_QUERY-1743100912-0x713a207469746c653a205,0.15,5.274685112417861e-07,,0.0,0.14999947253148876,6.702589273452759
YES_OR_NO_QUERY-1742923688-0x713a207469746c653a204,0.15,0.0338846516425538,,0.0,0.11611534835744619,7.049388885498047
YES_OR_NO_QUERY-1742917696-0x713a207469746c653a204,0.15,0.0353888937303314,,0.0,0.1146111062696686,7.0620036125183105
YES_OR_NO_QUERY-1742723369-0x713a207469746c653a205,0.0,4.2989361581748834e-05,,0.0,4.2989361581748834e-05,7.5197412967681885
YES_OR_NO_QUERY-1742721567-0x713a207469746c653a205,0.02,4.774312276971259e-05,,0.0,0.019952256877230286,7.550835132598877
YES_OR_NO_QUERY-1742684664-0x713a207469746c653a205,0.15,0.2427047607322666,,0.0,0.0927047607322666,7.269440174102783
YES_OR_NO_QUERY-1742680702-0x713a207469746c653a205,0.15,0.2478788377390628,,0.0,0.09787883773906281,7.2741477489471436
YES_OR_NO_QUERY-1742665706-0x713a207469746c653a205,0.08,6.219984929583396e-05,,0.0,0.07993780015070416,9.304099321365356
YES_OR_NO_QUERY-1742665706-0x713a207469746c653a205,0.15,7.080511955461497e-05,,0.0,0.14992919488044537,8.426780223846436
YES_OR_NO_QUERY-1742665706-0x713a207469746c653a204,0.0,6.270298228820147e-05,,0.0,6.270298228820147e-05,5.8795270919799805
YES_OR_NO_QUERY-1742624597-0x713a207469746c653a205,0.15,0.0114092608854393,,0.0,0.13859073911456068,10.06487488746643
YES_OR_NO_QUERY-1742620534-0x713a207469746c653a205,0.15,0.0009984661806951,,0.0,0.1490015338193049,7.565609455108643
YES_OR_NO_QUERY-1742616001-0x713a207469746c653a205,0.15,0.0065877262916472,,0.0,0.1434122737083528,7.655548810958862
YES_OR_NO_QUERY-1742492313-0x713a207469746c653a205,0.15,1.4775927826882033e-07,,0.0,0.14999985224072174,6.722620010375977
YES_OR_NO_QUERY-1742491644-0x713a207469746c653a205,0.15,0.1499225949493203,,0.0,7.740505067968528e-05,6.738691091537476
YES_OR_NO_QUERY-1742341484-0x713a207469746c653a204,0.15,3.859878130221061e-06,,0.0,0.14999614012186976,8.31444525718689
YES_OR_NO_QUERY-1742244337-0x713a207469746c653a205,0.15,4.404146619532233e-05,,0.0,0.14995595853380467,9.30497932434082
YES_OR_NO_QUERY-1742178391-0x713a207469746c653a204,0.0,4.5079758202437256e-05,,0.0,4.5079758202437256e-05,5.632703065872192
YES_OR_NO_QUERY-1742173039-0x713a207469746c653a204,0.0,4.493232504259824e-05,,0.0,4.493232504259824e-05,5.482873201370239
YES_OR_NO_QUERY-1742172881-0x713a207469746c653a204,0.0,6.733106221659393e-05,,0.0,6.733106221659393e-05,5.659772634506226
YES_OR_NO_QUERY-1742141903-0x713a207469746c653a205,0.08,5.918950934479239e-05,,0.0,0.07994081049065521,7.6015050411224365
YES_OR_NO_QUERY-1742121538-0x713a207469746c653a205,0.05,0.1040616962340535,,0.0,0.05406169623405349,7.555826902389526
YES_OR_NO_QUERY-1742121470-0x713a207469746c653a205,0.0,0.1336882615431827,,0.0,0.1336882615431827,6.679037570953369
YES_OR_NO_QUERY-1742061945-0x713a207469746c653a205,0.15,4.3402081425264034e-07,,0.0,0.14999956597918573,7.860240459442139
YES_OR_NO_QUERY-1742059971-0x713a207469746c653a205,0.15,6.885894089048846e-07,,0.0,0.14999931141059109,7.949427843093872
YES_OR_NO_QUERY-1742054406-0x713a207469746c653a204,0.08,5.249734522173327e-05,,0.0,0.07994750265477826,8.028861045837402
YES_OR_NO_QUERY-1741932317-0x713a207469746c653a205,0.05,0.0016089371373122,,0.0,0.0483910628626878,7.973552227020264
YES_OR_NO_QUERY-1741927072-0x713a207469746c653a205,0.05,0.0016805145253083,,0.0,0.048319485474691705,7.921669006347656
YES_OR_NO_QUERY-1741817569-0x713a207469746c653a205,0.2,0.0001683247972778,,0.0,0.19983167520272221,8.209938526153564
YES_OR_NO_QUERY-1741814899-0x713a207469746c653a205,0.15,3.022921980533873e-05,,0.0,0.14996977078019466,8.728382349014282
YES_OR_NO_QUERY-1741580057-0x713a207469746c653a205,0.15,0.0011208920830939,,0.0,0.1488791079169061,8.128657579421997
YES_OR_NO_QUERY-1741479047-0x713a207469746c653a204,0.08,9.41237567932738e-06,,0.0,0.07999058762432068,7.666832685470581
YES_OR_NO_QUERY-1741474458-0x713a207469746c653a204,0.15,0.1636894937677796,,0.0,0.013689493767779615,6.304611921310425
YES_OR_NO_QUERY-1741472601-0x713a207469746c653a204,0.15,0.1661688959224413,,0.0,0.016168895922441306,6.369228839874268
YES_OR_NO_QUERY-1741471877-0x713a207469746c653a204,0.08,9.919350253925965e-06,,0.0,0.07999008064974608,7.625704288482666
YES_OR_NO_QUERY-1741467267-0x713a207469746c653a204,0.15,0.0325891377379965,,0.0,0.1174108622620035,9.050044536590576
YES_OR_NO_QUERY-1741459147-0x713a207469746c653a205,0.03,6.535005554657835e-05,,0.0,0.02993464994445342,8.038850545883179
YES_OR_NO_QUERY-1741415139-0x713a207469746c653a205,0.15,0.0002013512443206,,0.0,0.1497986487556794,9.238639116287231
YES_OR_NO_QUERY-1741401260-0x713a207469746c653a205,0.15,0.0287632907422174,,0.0,0.1212367092577826,9.309170246124268
YES_OR_NO_QUERY-1741381551-0x713a207469746c653a205,0.15,8.909923917810071e-05,,0.0,0.1499109007608219,8.977721691131592
YES_OR_NO_QUERY-1741325195-0x713a207469746c653a205,0.0,3.549624499911789e-05,,0.0,3.549624499911789e-05,6.769636631011963
YES_OR_NO_QUERY-1741313877-0x713a207469746c653a204,0.0,1.882080862771969e-05,,0.0,1.882080862771969e-05,6.922047853469849
YES_OR_NO_QUERY-1741310207-0x713a207469746c653a205,0.15,0.0171867439675249,,0.0,0.1328132560324751,9.355521202087402
YES_OR_NO_QUERY-1741266827-0x713a207469746c653a205,0.15,1.9850266782919643e-05,,0.0,0.14998014973321708,8.331775665283203
YES_OR_NO_QUERY-1741239729-0x713a207469746c653a205,0.15,0.003068317769915,,0.0,0.146931682230085,8.329033613204956
YES_OR_NO_QUERY-1741230954-0x713a207469746c653a204,0.0,1.93691685861317e-05,,0.0,1.93691685861317e-05,6.6115334033966064
YES_OR_NO_QUERY-1741230522-0x713a207469746c653a205,0.15,2.016558206800856e-05,,0.0,0.14997983441793197,7.4444580078125
YES_OR_NO_QUERY-1741227641-0x713a207469746c653a205,0.15,2.7737237669976966e-05,,0.0,0.14997226276233003,7.382072925567627
YES_OR_NO_QUERY-1741155862-0x713a207469746c653a205,0.05,1.8968163076774664e-05,,0.0,0.04998103183692323,7.917116403579712
YES_OR_NO_QUERY-1741144134-0x713a207469746c653a204,0.0,4.529534038627419e-05,,0.0,4.529534038627419e-05,6.613440752029419
YES_OR_NO_QUERY-1741118475-0x713a207469746c653a205,0.02,0.0114196302947581,,0.0,0.0085803697052419,5.8115034103393555
YES_OR_NO_QUERY-1741069878-0x713a207469746c653a205,0.15,0.0011795629683499,,0.0,0.1488204370316501,6.403292894363403
YES_OR_NO_QUERY-1741069812-0x713a207469746c653a205,0.15,0.0013308745055403,,0.0,0.14866912549445968,7.857661485671997
YES_OR_NO_QUERY-1741066556-0x713a207469746c653a205,0.15,0.0011532948816973,,0.0,0.1488467051183027,7.951385259628296
YES_OR_NO_QUERY-1741065562-0x713a207469746c653a205,0.15,0.0011550770136543,,0.0,0.1488449229863457,6.4509875774383545
YES_OR_NO_QUERY-1741060511-0x713a207469746c653a204,0.0,0.0067716897002104,,0.0,0.0067716897002104,6.907035827636719
YES_OR_NO_QUERY-1741059979-0x713a207469746c653a204,0.0,0.0119144179747394,,0.0,0.0119144179747394,6.547209978103638
YES_OR_NO_QUERY-1741039885-0x713a207469746c653a205,0.04,0.0021750272668687,,0.0,0.037824972733131304,5.515337228775024
YES_OR_NO_QUERY-1741015593-0x713a207469746c653a205,0.05,1.703309035902843e-05,,0.0,0.04998296690964098,6.329102277755737
YES_OR_NO_QUERY-1741007383-0x713a207469746c653a205,0.05,1.7033090528220653e-05,,0.0,0.04998296690947178,6.279110431671143
YES_OR_NO_QUERY-1740977097-0x713a207469746c653a205,0.15,2.558155753557181e-05,,0.0,0.14997441844246442,8.29417872428894
YES_OR_NO_QUERY-1740912387-0x713a207469746c653a205,0.15,0.035144073035148,,0.0,0.114855926964852,9.003889799118042
YES_OR_NO_QUERY-1740912361-0x713a207469746c653a205,0.08,0.0351441614831806,,0.0,0.0448558385168194,7.320707082748413
YES_OR_NO_QUERY-1740912207-0x713a207469746c653a205,0.15,0.0351661713871605,,0.0,0.1148338286128395,8.142937421798706
YES_OR_NO_QUERY-1740897060-0x713a207469746c653a205,0.15,0.07392729412657,,0.0,0.07607270587343,8.74829888343811
YES_OR_NO_QUERY-1740896982-0x713a207469746c653a204,0.15,0.0350348912618541,,0.0,0.11496510873814589,9.581984043121338
YES_OR_NO_QUERY-1740896956-0x713a207469746c653a205,0.15,0.0351440208648146,,0.0,0.11485597913518539,6.6218366622924805
YES_OR_NO_QUERY-1740896926-0x713a207469746c653a205,0.08,0.0350995368009589,,0.0,0.044900463199041105,7.297956705093384
YES_OR_NO_QUERY-1740896848-0x713a207469746c653a205,0.15,0.0351217748909248,,0.0,0.1148782251090752,8.593852758407593
YES_OR_NO_QUERY-1740896820-0x713a207469746c653a205,0.15,0.0353976517198231,,0.0,0.1146023482801769,8.490453004837036
YES_OR_NO_QUERY-1740896774-0x713a207469746c653a205,0.05,0.0738286751824329,,0.0,0.023828675182432896,7.257922649383545
YES_OR_NO_QUERY-1740889698-0x713a207469746c653a205,0.08,0.0739273516682072,,0.0,0.0060726483317928015,7.283095359802246
YES_OR_NO_QUERY-1740889686-0x713a207469746c653a205,0.15,0.07392729412657,,0.0,0.07607270587343,8.66329312324524
YES_OR_NO_QUERY-1740889680-0x713a207469746c653a205,0.15,0.0739273516682072,,0.0,0.0760726483317928,8.931315660476685
YES_OR_NO_QUERY-1740889674-0x713a207469746c653a205,0.15,0.0739274777548738,,0.0,0.0760725222451262,6.885828971862793
YES_OR_NO_QUERY-1740889664-0x713a207469746c653a205,0.15,0.0739275352964536,,0.0,0.0760724647035464,8.035646677017212
YES_OR_NO_QUERY-1740889310-0x713a207469746c653a205,0.05,0.0736314340840397,,0.0,0.0236314340840397,7.178157329559326
YES_OR_NO_QUERY-1740889282-0x713a207469746c653a205,0.08,0.0736155342416665,,0.0,0.006384465758333499,7.218050479888916
YES_OR_NO_QUERY-1740889274-0x713a207469746c653a205,0.08,0.073547655576858,,0.0,0.006452344423142006,7.283071994781494
YES_OR_NO_QUERY-1740889264-0x713a207469746c653a205,0.15,0.073527571375964,,0.0,0.076472428624036,8.47185754776001
YES_OR_NO_QUERY-1740889240-0x713a207469746c653a205,0.15,0.0735124295221389,,0.0,0.07648757047786109,6.619827508926392
YES_OR_NO_QUERY-1740889240-0x713a207469746c653a205,0.15,0.0735740005192726,,0.0,0.0764259994807274,8.566237449645996
YES_OR_NO_QUERY-1740889240-0x713a207469746c653a204,0.15,0.0734818911489589,,0.0,0.0765181088510411,9.4716157913208
YES_OR_NO_QUERY-1740814623-0x713a207469746c653a205,0.15,2.3940389250402785e-05,,0.0,0.14997605961074958,8.123683452606201
YES_OR_NO_QUERY-1740805753-0x713a207469746c653a204,0.15,0.067016519730061,,0.0,0.082983480269939,8.170665502548218
YES_OR_NO_QUERY-1740805085-0x713a207469746c653a204,0.15,0.0269996742851964,,0.0,0.1230003257148036,8.234835863113403
YES_OR_NO_QUERY-1740799832-0x713a207469746c653a204,0.0,0.0001200083066497,,0.0,0.0001200083066497,7.445371627807617
YES_OR_NO_QUERY-1740793420-0x713a207469746c653a205,0.0,0.000120006355637,,0.0,0.000120006355637,7.197150945663452
YES_OR_NO_QUERY-1740761617-0x713a207469746c653a205,0.15,2.301742879383376e-05,,0.0,0.14997698257120617,8.412336826324463
YES_OR_NO_QUERY-1740704606-0x713a207469746c653a205,0.2,0.0014033244349452,,0.0,0.1985966755650548,8.242877721786499
YES_OR_NO_QUERY-1740700804-0x713a207469746c653a205,0.02,2.296933337574897e-05,,0.0,0.019977030666624252,5.484300851821899
YES_OR_NO_QUERY-1740700804-0x713a207469746c653a205,0.04,2.301742879383376e-05,,0.0,0.03997698257120617,5.597177267074585
YES_OR_NO_QUERY-1740700804-0x713a207469746c653a205,0.02,2.301742879383376e-05,,0.0,0.019976982571206166,5.47963285446167
YES_OR_NO_QUERY-1740700804-0x713a207469746c653a205,0.04,2.301742879383376e-05,,0.0,0.03997698257120617,8.1287260055542
YES_OR_NO_QUERY-1740696524-0x713a207469746c653a205,0.2,0.0268798561948808,,0.0,0.1731201438051192,8.285677194595337
YES_OR_NO_QUERY-1740634759-0x713a207469746c653a205,0.02,2.301742879383376e-05,,0.0,0.019976982571206166,5.726010799407959
YES_OR_NO_QUERY-1740466079-0x713a207469746c653a204,0.05,2.464160105092e-05,,0.0,0.04997535839894908,8.902986526489258
YES_OR_NO_QUERY-1740453147-0x713a207469746c653a205,0.08,2.464160105092e-05,,0.0,0.07997535839894908,9.614816427230835
YES_OR_NO_QUERY-1740441188-0x713a207469746c653a205,0.03,0.006770847286781,,0.0,0.023229152713219,7.948037147521973
YES_OR_NO_QUERY-1740413059-0x713a207469746c653a205,0.05,4.722730468684898e-06,,0.0,0.04999527726953132,6.86575722694397
YES_OR_NO_QUERY-1740402928-0x713a207469746c653a205,0.15,4.722730468684898e-06,,0.0,0.1499952772695313,9.964171171188354
YES_OR_NO_QUERY-1740402544-0x713a207469746c653a205,0.15,4.722730468684898e-06,,0.0,0.1499952772695313,7.133599281311035
YES_OR_NO_QUERY-1740402474-0x713a207469746c653a205,0.05,4.7227304932205946e-06,,0.0,0.04999527726950678,8.531989812850952
YES_OR_NO_QUERY-1740402286-0x713a207469746c653a205,0.05,4.7227304932205946e-06,,0.0,0.04999527726950678,7.662540912628174
YES_OR_NO_QUERY-1740400936-0x713a207469746c653a205,0.05,4.7227304932205946e-06,,0.0,0.04999527726950678,6.431926012039185
YES_OR_NO_QUERY-1740400866-0x713a207469746c653a205,0.05,4.7227304932205946e-06,,0.0,0.04999527726950678,7.712735891342163
YES_OR_NO_QUERY-1740400824-0x713a207469746c653a205,0.05,4.722757184617369e-06,,0.0,0.049995277242815384,7.500718832015991
YES_OR_NO_QUERY-1740400756-0x713a207469746c653a205,0.05,4.7227304932205946e-06,,0.0,0.04999527726950678,8.13686227798462
YES_OR_NO_QUERY-1740397757-0x713a207469746c653a205,0.05,4.7227304932205946e-06,,0.0,0.04999527726950678,5.592918395996094
YES_OR_NO_QUERY-1740397719-0x713a207469746c653a205,0.05,4.7227304932205946e-06,,0.0,0.04999527726950678,6.4439287185668945
YES_OR_NO_QUERY-1740397667-0x713a207469746c653a205,0.05,4.7227304932205946e-06,,0.0,0.04999527726950678,6.773586988449097
YES_OR_NO_QUERY-1740397619-0x713a207469746c653a205,0.05,4.7227304932205946e-06,,0.0,0.04999527726950678,7.388647556304932
YES_OR_NO_QUERY-1740386887-0x713a207469746c653a205,0.05,4.7227304932205946e-06,,0.0,0.04999527726950678,5.545925855636597
YES_OR_NO_QUERY-1740361050-0x713a207469746c653a205,0.0,8.27013785516762e-05,,0.0,8.27013785516762e-05,7.070393085479736
YES_OR_NO_QUERY-1740268255-0x713a207469746c653a204,0.05,4.7227304460365616e-06,,0.0,0.04999527726955397,7.723323583602905
YES_OR_NO_QUERY-1740255356-0x713a207469746c653a204,0.0,0.004219580456993,,0.0,0.004219580456993,7.454418420791626
YES_OR_NO_QUERY-1740201116-0x713a207469746c653a205,0.02,1.2167509784125268e-06,,0.0,0.019998783249021587,5.7829389572143555
YES_OR_NO_QUERY-1740157203-0x713a207469746c653a205,0.15,7.648116493525677e-06,,0.0,0.14999235188350646,8.423315525054932
YES_OR_NO_QUERY-1740157203-0x713a207469746c653a205,0.15,7.144752480262998e-06,,0.0,0.14999285524751974,8.624930143356323
YES_OR_NO_QUERY-1740157203-0x713a207469746c653a205,0.15,7.1447524455135145e-06,,0.0,0.14999285524755449,7.963602066040039
YES_OR_NO_QUERY-1740157203-0x713a207469746c653a205,0.15,7.390107452249548e-06,,0.0,0.14999260989254776,5.793004274368286
YES_OR_NO_QUERY-1740157203-0x713a207469746c653a205,0.15,7.44580595937175e-06,,0.0,0.14999255419404062,5.7694947719573975
YES_OR_NO_QUERY-1740157203-0x713a207469746c653a205,0.15,7.337214847338171e-06,,0.0,0.14999266278515266,5.801489591598511
YES_OR_NO_QUERY-1740157203-0x713a207469746c653a205,0.15,7.389926993493211e-06,,0.0,0.1499926100730065,5.822447061538696
YES_OR_NO_QUERY-1740157203-0x713a207469746c653a205,0.15,6.6059504924447655e-06,,0.0,0.14999339404950754,5.814212322235107
YES_OR_NO_QUERY-1740157203-0x713a207469746c653a205,0.15,6.550071339112431e-06,,0.0,0.14999344992866087,10.196599006652832
YES_OR_NO_QUERY-1740157203-0x713a207469746c653a205,0.15,7.144752480262998e-06,,0.0,0.14999285524751974,7.575185537338257
YES_OR_NO_QUERY-1740157203-0x713a207469746c653a205,0.15,7.088873447099075e-06,,0.0,0.14999291112655289,10.119561910629272
YES_OR_NO_QUERY-1740112116-0x713a207469746c653a204,0.05,0.0001358604378414,,0.0,0.049864139562158606,6.3734681606292725
YES_OR_NO_QUERY-1740102851-0x713a207469746c653a205,0.0,8.174779262558928e-05,,0.0,8.174779262558928e-05,6.2129950523376465
YES_OR_NO_QUERY-1740060453-0x713a207469746c653a205,0.05,1.3539925523103274e-06,,0.0,0.04999864600744769,9.130500555038452
YES_OR_NO_QUERY-1740028407-0x713a207469746c653a204,0.0,0.0466333263728557,,0.0,0.0466333263728557,7.39154314994812
YES_OR_NO_QUERY-1739907653-0x713a207469746c653a205,0.0,0.0,,0.0,0.0,6.60496711730957
YES_OR_NO_QUERY-1739879465-0x713a207469746c653a204,0.15,8.228864547791868e-05,,0.0,0.1499177113545221,8.848758459091187
YES_OR_NO_QUERY-1739878632-0x713a207469746c653a204,0.15,0.0001011819290791,,0.0,0.1498988180709209,8.814860582351685
YES_OR_NO_QUERY-1739862375-0x713a207469746c653a204,0.2,0.0004457498581377,,0.0,0.19955425014186232,7.9372406005859375
YES_OR_NO_QUERY-1739844974-0x713a207469746c653a204,0.0,2.5861372535549777e-05,,0.0,2.5861372535549777e-05,5.995535135269165
YES_OR_NO_QUERY-1739844922-0x713a207469746c653a204,0.15,0.001091841780158,,0.0,0.148908158219842,7.893533945083618
YES_OR_NO_QUERY-1739826108-0x713a207469746c653a205,0.05,0.0,,0.0,0.05,10.735550880432129
YES_OR_NO_QUERY-1739826068-0x713a207469746c653a205,0.05,0.0,,0.0,0.05,6.485435724258423
YES_OR_NO_QUERY-1739826026-0x713a207469746c653a205,0.05,0.0,,0.0,0.05,6.416920185089111
YES_OR_NO_QUERY-1739825984-0x713a207469746c653a205,0.05,0.0,,0.0,0.05,6.155190944671631
YES_OR_NO_QUERY-1739750413-0x713a207469746c653a205,0.04,0.0009976790434108,,0.0,0.039002320956589204,5.50217866897583
YES_OR_NO_QUERY-1739750405-0x713a207469746c653a205,0.03,0.0010231524596595,,0.0,0.028976847540340498,7.154595136642456
YES_OR_NO_QUERY-1739635124-0x713a207469746c653a205,0.05,0.0011640072076302,,0.0,0.0488359927923698,6.817933082580566
YES_OR_NO_QUERY-1739595677-0x713a207469746c653a205,0.02,0.0010339995525895,,0.0,0.0189660004474105,6.693218231201172
YES_OR_NO_QUERY-1739595629-0x713a207469746c653a205,0.05,0.0010339995525895,,0.0,0.0489660004474105,7.332798004150391
YES_OR_NO_QUERY-1739590389-0x713a207469746c653a205,0.15,0.0082431127075685,,0.0,0.1417568872924315,7.153421401977539
YES_OR_NO_QUERY-1739553797-0x713a207469746c653a205,0.15,0.0305638169106394,,0.0,0.11943618308936059,7.650773048400879
YES_OR_NO_QUERY-1739484244-0x713a207469746c653a205,0.15,0.0033402146402491,,0.0,0.14665978535975088,7.910339832305908
YES_OR_NO_QUERY-1739477357-0x713a207469746c653a205,0.15,2.6069957138375665e-05,,0.0,0.1499739300428616,7.878037452697754
YES_OR_NO_QUERY-1739475085-0x713a207469746c653a205,0.0,2.562805380379769e-05,,0.0,2.562805380379769e-05,5.513962745666504
YES_OR_NO_QUERY-1739464085-0x713a207469746c653a204,0.15,0.0613135212134363,,0.0,0.08868647878656369,8.32115125656128
YES_OR_NO_QUERY-1739464005-0x713a207469746c653a205,0.15,0.0,,0.0,0.15,8.479906797409058
YES_OR_NO_QUERY-1739463943-0x713a207469746c653a205,0.15,0.0,,0.0,0.15,7.132069110870361
YES_OR_NO_QUERY-1739463803-0x713a207469746c653a205,0.15,0.0,,0.0,0.15,10.361273527145386
YES_OR_NO_QUERY-1739463757-0x713a207469746c653a205,0.15,0.0,,0.0,0.15,8.554509401321411
YES_OR_NO_QUERY-1739463717-0x713a207469746c653a205,0.15,0.0,,0.0,0.15,8.334623575210571
YES_OR_NO_QUERY-1739463677-0x713a207469746c653a205,0.15,0.0,,0.0,0.15,8.964492321014404
YES_OR_NO_QUERY-1739463397-0x713a207469746c653a205,0.08,0.0017008577821007,,0.0,0.0782991422178993,8.377243995666504
YES_OR_NO_QUERY-1739463139-0x713a207469746c653a205,0.15,0.0,,0.0,0.15,7.355040788650513
YES_OR_NO_QUERY-1739463005-0x713a207469746c653a205,0.15,0.0,,0.0,0.15,9.104719638824463
YES_OR_NO_QUERY-1739462895-0x713a207469746c653a205,0.15,0.0,,0.0,0.15,7.56699013710022
YES_OR_NO_QUERY-1739462423-0x713a207469746c653a205,0.15,0.0,,0.0,0.15,7.199580192565918
YES_OR_NO_QUERY-1739462219-0x713a207469746c653a204,0.15,0.0162760552694037,,0.0,0.1337239447305963,8.267063856124878
YES_OR_NO_QUERY-1739461247-0x713a207469746c653a205,0.08,2.4811867980602208e-05,,0.0,0.0799751881320194,7.072962522506714
YES_OR_NO_QUERY-1739461247-0x713a207469746c653a205,0.15,0.0459921743679207,,0.0,0.1040078256320793,8.77935791015625
YES_OR_NO_QUERY-1739425645-0x713a207469746c653a204,0.0,0.0,,0.0,0.0,6.997407674789429
YES_OR_NO_QUERY-1739381158-0x713a207469746c653a205,0.15,0.2077047283703384,,0.0,0.05770472837033841,7.02984881401062
YES_OR_NO_QUERY-1739250006-0x713a207469746c653a204,0.08,0.0,,0.0,0.08,7.083914756774902
YES_OR_NO_QUERY-1739192194-0x713a207469746c653a205,0.08,0.0,,0.0,0.08,9.550600051879883
YES_OR_NO_QUERY-1739191922-0x713a207469746c653a205,0.15,0.0005625382388956,,0.0,0.1494374617611044,8.710985660552979
YES_OR_NO_QUERY-1739168132-0x713a207469746c653a205,0.15,0.0005625382388957,,0.0,0.14943746176110428,7.839233875274658
YES_OR_NO_QUERY-1739168066-0x713a207469746c653a205,0.15,0.0005766076811696,,0.0,0.1494233923188304,8.02662467956543
YES_OR_NO_QUERY-1739167582-0x713a207469746c653a205,0.15,0.0005625382388957,,0.0,0.14943746176110428,7.9902448654174805
YES_OR_NO_QUERY-1739166972-0x713a207469746c653a205,0.15,0.0158861822638221,,0.0,0.1341138177361779,7.829264163970947
YES_OR_NO_QUERY-1739155665-0x713a207469746c653a205,0.05,0.0005625414048068,,0.0,0.049437458595193204,5.967026948928833
YES_OR_NO_QUERY-1739062787-0x713a207469746c653a205,0.08,0.0005625382388956,,0.0,0.0794374617611044,6.615904808044434
YES_OR_NO_QUERY-1738995135-0x713a207469746c653a205,0.05,0.0005677127394378,,0.0,0.0494322872605622,8.069684267044067
YES_OR_NO_QUERY-1738992716-0x713a207469746c653a205,0.15,0.0005677127394379,,0.0,0.1494322872605621,7.239184379577637
YES_OR_NO_QUERY-1738990810-0x713a207469746c653a205,0.15,0.0001948468478064,,0.0,0.1498051531521936,7.645152568817139
YES_OR_NO_QUERY-1738935052-0x713a207469746c653a205,0.05,4.955923585492472e-05,,0.0,0.04995044076414508,8.644365072250366
YES_OR_NO_QUERY-1738869579-0x713a207469746c653a205,0.15,0.0057226807981361,,0.0,0.1442773192018639,7.290034055709839
YES_OR_NO_QUERY-1738860289-0x713a207469746c653a205,0.15,0.0065452895554118,,0.0,0.14345471044458818,7.266698598861694
YES_OR_NO_QUERY-1738810590-0x713a207469746c653a205,0.08,0.0015658236664441,,0.0,0.0784341763335559,6.542752504348755
YES_OR_NO_QUERY-1738771601-0x713a207469746c653a205,0.15,0.0,,0.0,0.15,7.536712169647217
YES_OR_NO_QUERY-1738717951-0x713a207469746c653a205,0.15,0.0093056318179771,,0.0,0.14069436818202288,12.577850103378296
YES_OR_NO_QUERY-1738717038-0x713a207469746c653a205,0.15,0.0,,0.0,0.15,8.409909009933472
YES_OR_NO_QUERY-1738707192-0x713a207469746c653a205,0.15,4.90964330956479e-06,,0.0,0.14999509035669042,8.175230979919434
YES_OR_NO_QUERY-1738707190-0x713a207469746c653a205,0.15,4.909501734426679e-06,,0.0,0.14999509049826557,8.294925689697266
YES_OR_NO_QUERY-1738707180-0x713a207469746c653a205,0.15,4.909519164201909e-06,,0.0,0.14999509048083579,8.842695951461792
YES_OR_NO_QUERY-1738707174-0x713a207469746c653a205,0.15,4.909244629615742e-06,,0.0,0.14999509075537037,10.252613544464111
YES_OR_NO_QUERY-1738707166-0x713a207469746c653a205,0.15,4.909369083839704e-06,,0.0,0.14999509063091615,9.847024202346802
YES_OR_NO_QUERY-1738707158-0x713a207469746c653a205,0.15,4.922174315050676e-06,,0.0,0.14999507782568494,8.983863353729248
YES_OR_NO_QUERY-1738707006-0x713a207469746c653a205,0.15,4.909515963349336e-06,,0.0,0.14999509048403664,8.699402570724487
YES_OR_NO_QUERY-1738706994-0x713a207469746c653a205,0.15,4.909407370503976e-06,,0.0,0.1499950905926295,8.9737868309021
YES_OR_NO_QUERY-1738706984-0x713a207469746c653a205,0.15,5.035292031738298e-06,,0.0,0.14999496470796825,8.690682888031006
YES_OR_NO_QUERY-1738706636-0x713a207469746c653a205,0.15,4.909386378502123e-06,,0.0,0.14999509061362148,8.270225524902344
YES_OR_NO_QUERY-1738627724-0x713a207469746c653a205,0.05,0.0,,0.0,0.05,8.353891372680664
YES_OR_NO_QUERY-1738627610-0x713a207469746c653a205,0.05,0.0,,0.0,0.05,5.668070554733276
YES_OR_NO_QUERY-1738605532-0x713a207469746c653a205,0.15,2.511568089961141e-05,,0.0,0.1499748843191004,6.857909202575684
YES_OR_NO_QUERY-1738590972-0x713a207469746c653a205,0.15,0.0,,0.0,0.15,8.824933528900146
YES_OR_NO_QUERY-1738458358-0x713a207469746c653a205,0.15,0.0,,0.0,0.15,8.682603597640991
YES_OR_NO_QUERY-1738451039-0x713a207469746c653a205,0.15,2.4787929017309653e-05,,0.0,0.1499752120709827,8.734220027923584
YES_OR_NO_QUERY-1738425704-0x713a207469746c653a205,0.15,0.0,,0.0,0.15,9.164712190628052
YES_OR_NO_QUERY-1738421177-0x713a207469746c653a205,0.15,0.0,,0.0,0.15,11.243767023086548
YES_OR_NO_QUERY-1738406865-0x713a207469746c653a205,0.08,0.0,,0.0,0.08,6.913896799087524
YES_OR_NO_QUERY-1738389222-0x713a207469746c653a205,0.15,0.0,,0.0,0.15,7.753344774246216
YES_OR_NO_QUERY-1738386979-0x713a207469746c653a205,0.15,0.0,,0.0,0.15,9.419358968734741
YES_OR_NO_QUERY-1738386915-0x713a207469746c653a205,0.15,0.0,,0.0,0.15,8.079920053482056
YES_OR_NO_QUERY-1738386107-0x713a207469746c653a205,0.08,0.0,,0.0,0.08,6.8744142055511475
YES_OR_NO_QUERY-1738385997-0x713a207469746c653a205,0.05,0.0,,0.0,0.05,7.8400352001190186
YES_OR_NO_QUERY-1738385997-0x713a207469746c653a205,0.05,0.0,,0.0,0.05,7.832759380340576
YES_OR_NO_QUERY-1738385997-0x713a207469746c653a205,0.05,0.0,,0.0,0.05,7.794297218322754
YES_OR_NO_QUERY-1738385997-0x713a207469746c653a205,0.05,0.0,,0.0,0.05,7.847000598907471
YES_OR_NO_QUERY-1738385997-0x713a207469746c653a205,0.05,0.0,,0.0,0.05,7.79531455039978
YES_OR_NO_QUERY-1738385997-0x713a207469746c653a205,0.05,0.0,,0.0,0.05,7.824646234512329
YES_OR_NO_QUERY-1738385997-0x713a207469746c653a205,0.05,0.0,,0.0,0.05,7.839290142059326
YES_OR_NO_QUERY-1738385997-0x713a207469746c653a205,0.05,0.0,,0.0,0.05,7.79692006111145
YES_OR_NO_QUERY-1738385997-0x713a207469746c653a205,0.05,0.0,,0.0,0.05,9.813651084899902
YES_OR_NO_QUERY-1738385997-0x713a207469746c653a205,0.05,0.0,,0.0,0.05,9.761367797851562
YES_OR_NO_QUERY-1738385997-0x713a207469746c653a205,0.05,0.0,,0.0,0.05,9.8180992603302
YES_OR_NO_QUERY-1738385997-0x713a207469746c653a205,0.05,0.0,,0.0,0.05,9.521429777145386
YES_OR_NO_QUERY-1738385997-0x713a207469746c653a205,0.08,0.0,,0.0,0.08,9.537204504013062
YES_OR_NO_QUERY-1738385995-0x713a207469746c653a205,0.05,0.0083270400656705,,0.0,0.041672959934329505,7.809795379638672
YES_OR_NO_QUERY-1738369577-0x713a207469746c653a205,0.15,0.005199965190901,,0.0,0.144800034809099,8.38525652885437
YES_OR_NO_QUERY-1738366429-0x713a207469746c653a205,0.15,0.2279289247205448,,0.0,0.0779289247205448,12.554138660430908
YES_OR_NO_QUERY-1738366319-0x713a207469746c653a205,0.15,0.0003080155831917,,0.0,0.14969198441680828,9.041587829589844
YES_OR_NO_QUERY-1738304088-0x713a207469746c653a205,0.15,0.0001381318116355,,0.0,0.1498618681883645,12.57420015335083
YES_OR_NO_QUERY-1738041232-0x713a207469746c653a205,0.05,3.5308614800959574e-05,,0.0,0.049964691385199045,7.563539028167725
YES_OR_NO_QUERY-1738033972-0x713a207469746c653a204,0.0,3.572947452840831e-05,,0.0,3.572947452840831e-05,6.976823806762695
YES_OR_NO_QUERY-1738023512-0x713a207469746c653a205,0.15,8.255798223849467e-05,,0.0,0.1499174420177615,8.348666191101074
YES_OR_NO_QUERY-1737954535-0x713a207469746c653a205,0.15,1.3204081988496332e-05,,0.0,0.1499867959180115,9.124982357025146
YES_OR_NO_QUERY-1737870383-0x713a207469746c653a205,0.02,1.4468771279744574e-06,,0.0,0.019998553122872027,5.764124155044556
YES_OR_NO_QUERY-1737870319-0x713a207469746c653a205,0.04,1.4468771279744574e-06,,0.0,0.039998553122872024,8.231709241867065
YES_OR_NO_QUERY-1737870271-0x713a207469746c653a205,0.05,1.4468771279744574e-06,,0.0,0.049998553122872026,6.981847047805786
YES_OR_NO_QUERY-1737841397-0x713a207469746c653a205,0.15,2.489024556564149e-05,,0.0,0.14997510975443434,8.403778791427612
YES_OR_NO_QUERY-1737772764-0x713a207469746c653a205,0.15,3.5545160169929924e-05,,0.0,0.14996445483983006,9.36536431312561
YES_OR_NO_QUERY-1737766996-0x713a207469746c653a205,0.05,0.0196258719670775,,0.0,0.030374128032922502,7.828758478164673
YES_OR_NO_QUERY-1737750227-0x713a207469746c653a205,0.15,0.0,,0.0,0.15,7.490683317184448
YES_OR_NO_QUERY-1737667422-0x713a207469746c653a205,0.0,4.588737529145113e-05,,0.0,4.588737529145113e-05,7.277955770492554
YES_OR_NO_QUERY-1737625749-0x713a207469746c653a204,0.15,0.0,,0.0,0.15,8.143522262573242
YES_OR_NO_QUERY-1737610992-0x713a207469746c653a205,0.05,0.043929700581005,,0.0,0.006070299418995,7.028300046920776
YES_OR_NO_QUERY-1737610962-0x713a207469746c653a205,0.03,0.0439350171894823,,0.0,0.013935017189482299,7.4919891357421875
YES_OR_NO_QUERY-1737610928-0x713a207469746c653a205,0.04,0.0439283616459555,,0.0,0.003928361645955503,8.346485614776611
YES_OR_NO_QUERY-1737610868-0x713a207469746c653a205,0.03,0.0439454202066783,,0.0,0.0139454202066783,7.365228652954102
YES_OR_NO_QUERY-1737570790-0x713a207469746c653a205,0.15,5.054142253223389e-06,,0.0,0.14999494585774678,6.8191423416137695
YES_OR_NO_QUERY-1737526902-0x713a207469746c653a205,0.15,0.0582860657439111,,0.0,0.0917139342560889,8.322600603103638
YES_OR_NO_QUERY-1737522047-0x713a207469746c653a205,0.15,0.005692012170056,,0.0,0.144307987829944,6.727633476257324
YES_OR_NO_QUERY-1737435949-0x713a207469746c653a205,0.15,0.0013713530316463,,0.0,0.1486286469683537,6.820941686630249
YES_OR_NO_QUERY-1737412162-0x713a207469746c653a205,0.15,2.875029097393981e-06,,0.0,0.1499971249709026,6.062381744384766
YES_OR_NO_QUERY-1737408430-0x713a207469746c653a205,0.15,0.0011701337346439,,0.0,0.1488298662653561,9.366974592208862
YES_OR_NO_QUERY-1737399680-0x713a207469746c653a205,0.15,0.0011375699538426,,0.0,0.1488624300461574,6.894968509674072
YES_OR_NO_QUERY-1737393501-0x713a207469746c653a205,0.15,9.100356936397412e-07,,0.0,0.14999908996430636,7.622662544250488
YES_OR_NO_QUERY-1737269395-0x713a207469746c653a205,0.15,5.898708898365257e-06,,0.0,0.14999410129110163,8.053638696670532
YES_OR_NO_QUERY-1737262813-0x713a207469746c653a205,0.15,0.0,,0.0,0.15,8.908715009689331
YES_OR_NO_QUERY-1737262805-0x713a207469746c653a205,0.15,5.898788234740797e-06,,0.0,0.14999410121176526,7.958167314529419
YES_OR_NO_QUERY-1737246253-0x713a207469746c653a205,0.08,0.0,,0.0,0.08,8.963618755340576
YES_OR_NO_QUERY-1737138674-0x713a207469746c653a205,0.15,2.785708489507657e-05,,0.0,0.1499721429151049,7.8982789516448975
YES_OR_NO_QUERY-1737117819-0x713a207469746c653a205,0.08,0.161144210593624,,0.0,0.08114421059362399,8.105212688446045
YES_OR_NO_QUERY-1737110570-0x713a207469746c653a205,0.08,0.1792471999460126,,0.0,0.0992471999460126,8.152802228927612
YES_OR_NO_QUERY-1737110292-0x713a207469746c653a205,0.05,3.057520619094938e-06,,0.0,0.049996942479380906,6.001674175262451
YES_OR_NO_QUERY-1737093895-0x713a207469746c653a204,0.15,1.1787183845974496e-05,,0.0,0.14998821281615402,7.210506200790405
YES_OR_NO_QUERY-1737089731-0x713a207469746c653a204,0.15,3.3094098990173194e-05,,0.0,0.14996690590100983,6.816142559051514
YES_OR_NO_QUERY-1737089651-0x713a207469746c653a204,0.15,1.2003720017409312e-05,,0.0,0.14998799627998258,7.174703359603882
YES_OR_NO_QUERY-1737087144-0x713a207469746c653a204,0.15,1.1787183845974496e-05,,0.0,0.14998821281615402,7.242376804351807
YES_OR_NO_QUERY-1737086132-0x713a207469746c653a204,0.15,3.299009390850502e-05,,0.0,0.1499670099060915,6.895988464355469
YES_OR_NO_QUERY-1737084590-0x713a207469746c653a204,0.15,9.353658266738572e-07,,0.0,0.1499990646341733,7.198184490203857
YES_OR_NO_QUERY-1736977090-0x713a207469746c653a205,0.15,0.0,,0.0,0.15,8.605711221694946
YES_OR_NO_QUERY-1736954641-0x713a207469746c653a205,0.15,0.0033461572027026,,0.0,0.1466538427972974,7.850643634796143
YES_OR_NO_QUERY-1736909636-0x713a207469746c653a205,0.05,9.515240730766078e-07,,0.0,0.04999904847592693,7.171950340270996
YES_OR_NO_QUERY-1736748314-0x713a207469746c653a204,0.08,0.0,,0.0,0.08,7.376087427139282
YES_OR_NO_QUERY-1736748266-0x713a207469746c653a204,0.1,0.0,,0.0,0.1,7.0597944259643555
YES_OR_NO_QUERY-1736479879-0x713a207469746c653a204,0.15,0.0,,0.0,0.15,6.521106243133545
YES_OR_NO_QUERY-1736178410-0x713a207469746c653a205,0.15,0.0172488034970729,,0.0,0.1327511965029271,8.444247245788574
YES_OR_NO_QUERY-1736138954-0x713a207469746c653a205,0.15,5.79768723385888e-05,,0.0,0.14994202312766142,7.550232410430908
YES_OR_NO_QUERY-1735923664-0x713a207469746c653a204,0.05,5.214350762531053e-06,,0.0,0.04999478564923747,7.925713539123535
YES_OR_NO_QUERY-1735875408-0x713a207469746c653a204,0.0,4.148119178237109e-05,,0.0,4.148119178237109e-05,6.472064018249512
YES_OR_NO_QUERY-1735872312-0x713a207469746c653a205,0.0,5.214350762574292e-06,,0.0,5.214350762574292e-06,8.16229772567749
YES_OR_NO_QUERY-1735851362-0x713a207469746c653a205,0.0,7.736596252578037e-06,,0.0,7.736596252578037e-06,5.477303504943848
YES_OR_NO_QUERY-1735715182-0x713a207469746c653a205,0.15,0.0,,0.0,0.15,8.227121114730835
YES_OR_NO_QUERY-1735713033-0x713a207469746c653a205,0.15,0.0,,0.0,0.15,8.153366327285767
YES_OR_NO_QUERY-1735708941-0x713a207469746c653a205,0.15,0.0005139695049916,,0.0,0.1494860304950084,7.591195106506348
YES_OR_NO_QUERY-1735708575-0x713a207469746c653a205,0.15,0.0,,0.0,0.15,7.961386680603027
YES_OR_NO_QUERY-1735708511-0x713a207469746c653a203,0.08,0.0,,0.0,0.08,7.352365016937256
YES_OR_NO_QUERY-1735708017-0x713a207469746c653a205,0.15,0.0,,0.0,0.15,6.6233484745025635
YES_OR_NO_QUERY-1735698469-0x713a207469746c653a205,0.15,1.32946617712766e-06,,0.0,0.14999867053382288,8.764953136444092
YES_OR_NO_QUERY-1735694543-0x713a207469746c653a205,0.02,0.0059296435589487,,0.0,0.0140703564410513,7.7217841148376465
YES_OR_NO_QUERY-1735694409-0x713a207469746c653a205,0.15,0.0017068928079904,,0.0,0.14829310719200958,8.73485541343689
YES_OR_NO_QUERY-1735690641-0x713a207469746c653a205,0.02,0.0641751621265335,,0.0,0.044175162126533496,7.801926136016846
YES_OR_NO_QUERY-1735432832-0x713a207469746c653a205,0.08,0.0,,0.0,0.08,9.423420429229736
YES_OR_NO_QUERY-1735432814-0x713a207469746c653a205,0.08,0.0,,0.0,0.08,9.001708984375
YES_OR_NO_QUERY-1735353836-0x713a207469746c653a205,0.05,0.0130183835542164,,0.0,0.0369816164457836,7.967182397842407
YES_OR_NO_QUERY-1735019671-0x713a207469746c653a205,0.0,1.37652341549515e-05,,0.0,1.37652341549515e-05,6.7831244468688965
YES_OR_NO_QUERY-1734968603-0x713a207469746c653a205,0.15,5.4388721572283886e-05,,0.0,0.1499456112784277,8.389161348342896
YES_OR_NO_QUERY-1734966489-0x713a207469746c653a205,0.15,5.4388721572283886e-05,,0.0,0.1499456112784277,8.408956527709961
YES_OR_NO_QUERY-1734901658-0x713a207469746c653a205,0.02,4.64700172642084e-05,,0.0,0.019953529982735793,5.947998285293579
YES_OR_NO_QUERY-1734824759-0x713a207469746c653a204,0.15,0.0011552427903147,,0.0,0.1488447572096853,7.132934808731079
YES_OR_NO_QUERY-1734824745-0x713a207469746c653a205,0.05,0.0011631638944541,,0.0,0.0488368361055459,5.797966241836548
YES_OR_NO_QUERY-1734824725-0x713a207469746c653a205,0.05,0.0011777267197398,,0.0,0.0488222732802602,7.445173263549805
YES_OR_NO_QUERY-1734799320-0x713a207469746c653a205,0.15,2.752455991411523e-06,,0.0,0.1499972475440086,7.552643775939941
YES_OR_NO_QUERY-1734798382-0x713a207469746c653a205,0.15,0.0221183144277567,,0.0,0.1278816855722433,7.491850137710571
YES_OR_NO_QUERY-1734758320-0x713a207469746c653a205,0.15,0.000491724077438,,0.0,0.149508275922562,9.189109325408936
YES_OR_NO_QUERY-1734757231-0x713a207469746c653a205,0.15,0.0002957045642667,,0.0,0.1497042954357333,9.255552530288696
YES_OR_NO_QUERY-1734718405-0x713a207469746c653a205,0.15,0.0,,0.0,0.15,8.415054559707642
YES_OR_NO_QUERY-1734544449-0x713a207469746c653a205,0.15,0.0852411220163003,,0.0,0.0647588779836997,9.1684091091156
YES_OR_NO_QUERY-1734516673-0x713a207469746c653a204,0.08,0.0098001516368793,,0.0,0.07019984836312071,8.465410947799683
YES_OR_NO_QUERY-1734512603-0x713a207469746c653a204,0.08,0.0098000711784822,,0.0,0.0701999288215178,8.462783575057983
YES_OR_NO_QUERY-1734481459-0x713a207469746c653a205,0.15,0.1887536780847098,,0.0,0.03875367808470981,7.8787407875061035
YES_OR_NO_QUERY-1734406544-0x713a207469746c653a205,0.15,0.1225529124972542,,0.0,0.0274470875027458,9.08548617362976
YES_OR_NO_QUERY-1734387105-0x713a207469746c653a205,0.15,0.2463969771163909,,0.0,0.09639697711639089,6.9252424240112305
YES_OR_NO_QUERY-1734325163-0x713a207469746c653a204,0.2,0.0017081334865389,,0.0,0.19829186651346112,8.743998765945435
YES_OR_NO_QUERY-1734280137-0x713a207469746c653a205,0.15,0.0133922720068833,,0.0,0.13660772799311668,8.231090068817139
YES_OR_NO_QUERY-1734239677-0x713a207469746c653a204,0.05,0.0,,0.0,0.05,7.794613599777222
YES_OR_NO_QUERY-1734152407-0x713a207469746c653a205,0.15,5.844746097671872e-05,,0.0,0.14994155253902328,8.192397594451904
YES_OR_NO_QUERY-1734109201-0x713a207469746c653a205,0.02,0.0007242391805052,,0.0,0.0192757608194948,7.091754913330078
YES_OR_NO_QUERY-1734064423-0x713a207469746c653a205,0.15,0.0244685806588206,,0.0,0.1255314193411794,7.863715648651123
YES_OR_NO_QUERY-1733850756-0x713a207469746c653a205,0.15,0.2058842113206196,,0.0,0.0558842113206196,9.13581919670105
YES_OR_NO_QUERY-1733789714-0x713a207469746c653a203,0.15,0.0503131613833642,,0.0,0.0996868386166358,8.83254599571228
YES_OR_NO_QUERY-1733788127-0x713a207469746c653a205,0.15,0.0164431515960468,,0.0,0.1335568484039532,7.907999038696289
YES_OR_NO_QUERY-1733684759-0x713a207469746c653a205,0.15,0.0774759025623603,,0.0,0.0725240974376397,7.873506307601929
YES_OR_NO_QUERY-1733630180-0x713a207469746c653a205,0.05,0.0001035619351874,,0.0,0.0498964380648126,6.381699085235596
YES_OR_NO_QUERY-1733579924-0x713a207469746c653a203,0.08,0.1527274767706652,,0.0,0.0727274767706652,7.816610336303711
YES_OR_NO_QUERY-1733579616-0x713a207469746c653a203,0.08,0.010512117945247,,0.0,0.06948788205475301,7.905211925506592
YES_OR_NO_QUERY-1733579528-0x713a207469746c653a203,0.15,0.152526725696229,,0.0,0.0025267256962289986,8.872878789901733
YES_OR_NO_QUERY-1733544676-0x713a207469746c653a205,0.15,8.400561063749603e-05,,0.0,0.1499159943893625,9.624606609344482
YES_OR_NO_QUERY-1733419206-0x713a207469746c653a204,0.15,3.0432251310960736e-06,,0.0,0.1499969567748689,7.189938306808472
YES_OR_NO_QUERY-1733261391-0x713a207469746c653a205,0.08,0.0,,0.0,0.08,8.052996158599854
YES_OR_NO_QUERY-1733250198-0x713a207469746c653a205,0.15,0.0,,0.0,0.15,8.478893280029297
YES_OR_NO_QUERY-1733248933-0x713a207469746c653a205,0.15,0.0,,0.0,0.15,9.470348358154297
YES_OR_NO_QUERY-1733245736-0x713a207469746c653a205,0.15,0.0,,0.0,0.15,6.660411596298218
YES_OR_NO_QUERY-1733162126-0x713a207469746c653a205,0.15,0.0157331695267591,,0.0,0.1342668304732409,6.6813249588012695
YES_OR_NO_QUERY-1733122735-0x713a207469746c653a205,0.08,2.9804856937948538e-06,,0.0,0.07999701951430621,6.831851482391357
YES_OR_NO_QUERY-1733106306-0x713a207469746c653a205,0.2,0.0290663422955021,,0.0,0.17093365770449792,7.67838978767395
YES_OR_NO_QUERY-1733013590-0x713a207469746c653a204,0.15,0.0101436831531428,,0.0,0.1398563168468572,7.250093698501587
YES_OR_NO_QUERY-1732925835-0x713a207469746c653a205,0.0,1.913896433725838e-06,,0.0,1.913896433725838e-06,7.03474235534668
YES_OR_NO_QUERY-1732882006-0x713a207469746c653a205,0.15,0.1570865013539132,,0.0,0.007086501353913199,7.903797388076782
YES_OR_NO_QUERY-1732826968-0x713a207469746c653a205,0.15,2.6690710982076324e-05,,0.0,0.14997330928901792,8.458427906036377
YES_OR_NO_QUERY-1732819938-0x713a207469746c653a205,0.15,2.6691341301973e-05,,0.0,0.149973308658698,8.477391958236694
YES_OR_NO_QUERY-1732744451-0x713a207469746c653a205,0.0,0.0101140006982938,,0.0,0.0101140006982938,6.049776077270508
YES_OR_NO_QUERY-1732669393-0x713a207469746c653a204,0.15,0.2194886980953477,,0.0,0.06948869809534772,7.196288824081421
YES_OR_NO_QUERY-1732669231-0x713a207469746c653a204,0.15,4.983812124892086e-05,,0.0,0.14995016187875107,6.674428701400757
YES_OR_NO_QUERY-1732662385-0x713a207469746c653a204,0.15,0.2197441931752219,,0.0,0.0697441931752219,7.1805503368377686
YES_OR_NO_QUERY-1732566850-0x713a207469746c653a205,0.03,0.0,,0.0,0.03,6.292196035385132
YES_OR_NO_QUERY-1732482734-0x713a207469746c653a205,0.05,0.0034517675244255,,0.0,0.046548232475574505,8.106046199798584
YES_OR_NO_QUERY-1732406201-0x713a207469746c653a204,0.05,2.8326961443520523e-06,,0.0,0.04999716730385565,7.0715131759643555
YES_OR_NO_QUERY-1732346409-0x713a207469746c653a205,0.15,0.0,,0.0,0.15,7.3132712841033936
YES_OR_NO_QUERY-1732220721-0x713a207469746c653a205,0.15,0.0178418253138826,,0.0,0.1321581746861174,7.655421257019043
YES_OR_NO_QUERY-1732216498-0x713a207469746c653a205,0.08,0.0433802397587256,,0.0,0.036619760241274404,8.228259563446045
YES_OR_NO_QUERY-1732166867-0x713a207469746c653a204,0.0,6.383900210309654e-05,,0.0,6.383900210309654e-05,6.92469048500061
YES_OR_NO_QUERY-1732082029-0x713a207469746c653a204,0.08,0.0,,0.0,0.08,6.903679609298706
YES_OR_NO_QUERY-1732064830-0x713a207469746c653a205,0.15,0.0,,0.0,0.15,7.983088970184326
YES_OR_NO_QUERY-1732034073-0x713a207469746c653a205,0.05,0.0,,0.0,0.05,6.279896259307861
YES_OR_NO_QUERY-1731986430-0x713a207469746c653a205,0.1,0.0,,0.0,0.1,7.107776165008545
YES_OR_NO_QUERY-1731981983-0x713a207469746c653a205,0.15,0.0,,0.0,0.15,5.947499513626099
YES_OR_NO_QUERY-1731948443-0x713a207469746c653a205,0.08,0.0137243935288366,,0.0,0.0662756064711634,7.977739095687866
YES_OR_NO_QUERY-1731814362-0x713a207469746c653a204,0.15,0.0,,0.0,0.15,7.920959711074829
YES_OR_NO_QUERY-1731726140-0x713a207469746c653a205,0.15,0.0143801419850361,,0.0,0.1356198580149639,8.008208274841309
YES_OR_NO_QUERY-1731721069-0x713a207469746c653a205,0.15,0.018695987686497,,0.0,0.131304012313503,7.445443868637085
YES_OR_NO_QUERY-1731721035-0x713a207469746c653a205,0.15,0.018695987686497,,0.0,0.131304012313503,7.496943235397339
YES_OR_NO_QUERY-1731679238-0x713a207469746c653a204,0.15,0.0308377881142973,,0.0,0.1191622118857027,8.813164234161377
YES_OR_NO_QUERY-1731673589-0x713a207469746c653a204,0.15,0.0308377881142973,,0.0,0.1191622118857027,8.81302523612976
YES_OR_NO_QUERY-1731668138-0x713a207469746c653a205,0.15,0.0,,0.0,0.15,7.478540420532227
YES_OR_NO_QUERY-1731668128-0x713a207469746c653a205,0.15,0.0,,0.0,0.15,7.355082988739014
YES_OR_NO_QUERY-1731668120-0x713a207469746c653a205,0.15,0.0,,0.0,0.15,7.523493766784668
YES_OR_NO_QUERY-1731668114-0x713a207469746c653a205,0.15,0.0,,0.0,0.15,7.469486951828003
YES_OR_NO_QUERY-1731660899-0x713a207469746c653a205,0.15,0.0252448158259907,,0.0,0.1247551841740093,7.478496313095093
YES_OR_NO_QUERY-1731646131-0x713a207469746c653a205,0.15,0.0338622923123613,,0.0,0.1161377076876387,7.357150077819824
YES_OR_NO_QUERY-1731573311-0x713a207469746c653a205,0.15,0.0816568578027918,,0.0,0.06834314219720819,7.463297605514526
YES_OR_NO_QUERY-1731359874-0x713a207469746c653a205,0.05,0.2346893628026237,,0.0,0.1846893628026237,9.339811086654663
YES_OR_NO_QUERY-1731211793-0x713a207469746c653a204,0.05,0.0004862379644253,,0.0,0.049513762035574706,7.11178731918335
YES_OR_NO_QUERY-1731211639-0x713a207469746c653a205,0.15,0.0005233830213416,,0.0,0.14947661697865838,7.3871142864227295
YES_OR_NO_QUERY-1731127750-0x713a207469746c653a204,0.15,0.0,,0.0,0.15,7.847598314285278
YES_OR_NO_QUERY-1731085106-0x713a207469746c653a205,0.02,5.717812292290492e-06,,0.0,0.01999428218770771,6.7504212856292725
YES_OR_NO_QUERY-1731054501-0x713a207469746c653a205,0.08,0.0,,0.0,0.08,8.815894365310669
YES_OR_NO_QUERY-1731048624-0x713a207469746c653a205,0.08,0.0,,0.0,0.08,6.077886581420898
YES_OR_NO_QUERY-1731029918-0x713a207469746c653a205,0.15,4.602929397888056e-05,,0.0,0.14995397070602112,6.247687816619873
YES_OR_NO_QUERY-1731024281-0x713a207469746c653a205,0.15,0.0108882164375663,,0.0,0.1391117835624337,8.194171905517578
YES_OR_NO_QUERY-1731017131-0x713a207469746c653a205,0.05,2.6692580826962093e-05,,0.0,0.04997330741917304,7.361609935760498
YES_OR_NO_QUERY-1731016557-0x713a207469746c653a205,0.0,0.0,,0.0,0.0,6.634707927703857
YES_OR_NO_QUERY-1731002742-0x713a207469746c653a205,0.15,0.0,,0.0,0.15,8.011911153793335
YES_OR_NO_QUERY-1730947697-0x713a207469746c653a205,0.15,0.018156026119889,,0.0,0.131843973880111,5.981015205383301
YES_OR_NO_QUERY-1730939719-0x713a207469746c653a205,0.15,0.0,,0.0,0.15,8.501962184906006
YES_OR_NO_QUERY-1730929134-0x713a207469746c653a205,0.08,0.0235530351114639,,0.0,0.0564469648885361,8.944644689559937
YES_OR_NO_QUERY-1730916022-0x713a207469746c653a205,0.15,0.0235530351114639,,0.0,0.1264469648885361,9.264312028884888
YES_OR_NO_QUERY-1730911019-0x713a207469746c653a205,0.15,0.0,,0.0,0.15,6.433228492736816
YES_OR_NO_QUERY-1730786146-0x713a207469746c653a205,0.15,0.0,,0.0,0.15,8.29451322555542
YES_OR_NO_QUERY-1730747077-0x713a207469746c653a205,0.05,0.0003698130147215,,0.0,0.049630186985278504,9.136814832687378
YES_OR_NO_QUERY-1730739690-0x713a207469746c653a205,0.05,0.0003709384870848,,0.0,0.049629061512915205,9.059268474578857
YES_OR_NO_QUERY-1730698959-0x713a207469746c653a205,0.2,0.0177401683490536,,0.0,0.18225983165094642,8.865333557128906
YES_OR_NO_QUERY-1730658150-0x713a207469746c653a205,0.05,0.0001454254236075,,0.0,0.0498545745763925,7.409475564956665
YES_OR_NO_QUERY-1730657642-0x713a207469746c653a205,0.05,1.7789797146722434e-06,,0.0,0.04999822102028533,6.874935626983643
YES_OR_NO_QUERY-1730657300-0x713a207469746c653a205,0.05,1.804356931436336e-06,,0.0,0.049998195643068566,9.267128705978394
YES_OR_NO_QUERY-1730657296-0x713a207469746c653a205,0.05,1.778973293831248e-06,,0.0,0.049998221026706174,8.010047435760498
YES_OR_NO_QUERY-1730657292-0x713a207469746c653a205,0.05,1.7789092943645188e-06,,0.0,0.04999822109070564,7.377758979797363
YES_OR_NO_QUERY-1730654141-0x713a207469746c653a205,0.05,0.0080658092424388,,0.0,0.041934190757561204,7.293048620223999
YES_OR_NO_QUERY-1730618526-0x713a207469746c653a204,0.08,0.0003906694343891,,0.0,0.0796093305656109,7.097821950912476
YES_OR_NO_QUERY-1730614228-0x713a207469746c653a205,0.15,5.59381754343244e-06,,0.0,0.14999440618245657,7.640080451965332
YES_OR_NO_QUERY-1730592385-0x713a207469746c653a205,0.15,5.59381754343244e-06,,0.0,0.14999440618245657,7.954705715179443
YES_OR_NO_QUERY-1730522938-0x713a207469746c653a204,0.1,2.227833334260755e-05,,0.0,0.0999777216666574,8.781534910202026
YES_OR_NO_QUERY-1730522812-0x713a207469746c653a205,0.15,0.0301873739380855,,0.0,0.11981262606191449,7.820899486541748
YES_OR_NO_QUERY-1730521646-0x713a207469746c653a205,0.15,0.0104410960670725,,0.0,0.1395589039329275,7.765688180923462
YES_OR_NO_QUERY-1730520219-0x713a207469746c653a205,0.15,0.0301873595216769,,0.0,0.1198126404783231,7.841536283493042
YES_OR_NO_QUERY-1730383978-0x713a207469746c653a205,0.2,0.0,,0.0,0.2,8.832349061965942
YES_OR_NO_QUERY-1730260036-0x713a207469746c653a205,0.15,2.434215379734501e-05,,0.0,0.14997565784620265,9.573137044906616
YES_OR_NO_QUERY-1730251251-0x713a207469746c653a205,0.15,0.0538366501527607,,0.0,0.09616334984723929,8.96413540840149
YES_OR_NO_QUERY-1730207928-0x713a207469746c653a205,0.15,0.2103647565480367,,0.0,0.06036475654803672,6.544589042663574
YES_OR_NO_QUERY-1730207890-0x713a207469746c653a205,0.15,0.214773214381553,,0.0,0.06477321438155301,8.298816204071045
YES_OR_NO_QUERY-1730207854-0x713a207469746c653a205,0.05,0.2096921903305022,,0.0,0.1596921903305022,6.328378677368164
YES_OR_NO_QUERY-1730065884-0x713a207469746c653a205,0.08,0.0006574925041919,,0.0,0.0793425074958081,9.498124599456787
YES_OR_NO_QUERY-1730058906-0x713a207469746c653a205,0.05,0.0006449038259004,,0.0,0.049355096174099604,6.570188760757446
YES_OR_NO_QUERY-1730058872-0x713a207469746c653a205,0.05,0.0006827108869708,,0.0,0.049317289113029204,6.515760183334351
YES_OR_NO_QUERY-1729948882-0x713a207469746c653a204,0.15,0.0079792320450866,,0.0,0.1420207679549134,6.466168165206909
YES_OR_NO_QUERY-1729947764-0x713a207469746c653a204,0.15,0.0079792320450866,,0.0,0.1420207679549134,6.4952552318573
YES_OR_NO_QUERY-1729792121-0x713a207469746c653a205,0.15,6.049958916531487e-05,,0.0,0.14993950041083468,7.84790301322937
YES_OR_NO_QUERY-1729792115-0x713a207469746c653a205,0.15,6.049958916531487e-05,,0.0,0.14993950041083468,6.422218561172485
YES_OR_NO_QUERY-1729525518-0x713a207469746c653a205,0.05,0.0481588333031342,,0.0,0.0018411666968657994,6.188711881637573
YES_OR_NO_QUERY-1729525426-0x713a207469746c653a205,0.08,0.0221571100632948,,0.0,0.0578428899367052,6.944128036499023
YES_OR_NO_QUERY-1729525218-0x713a207469746c653a205,0.05,0.022193832304173,,0.0,0.027806167695827003,6.132717609405518
YES_OR_NO_QUERY-1729525184-0x713a207469746c653a205,0.05,0.0222055466667193,,0.0,0.027794453333280702,6.119431495666504
YES_OR_NO_QUERY-1729525150-0x713a207469746c653a205,0.05,0.0481590142006167,,0.0,0.001840985799383306,7.006854772567749
YES_OR_NO_QUERY-1729525008-0x713a207469746c653a205,0.05,0.0222557754094859,,0.0,0.027744224590514104,6.113935708999634
YES_OR_NO_QUERY-1729458311-0x713a207469746c653a205,0.08,0.0055535321355006,,0.0,0.0744464678644994,6.427689552307129
YES_OR_NO_QUERY-1729458253-0x713a207469746c653a205,0.02,0.0055801264043571,,0.0,0.0144198735956429,6.488054513931274
YES_OR_NO_QUERY-1729458229-0x713a207469746c653a205,0.0,0.0055538660367543,,0.0,0.0055538660367543,7.452232360839844
YES_OR_NO_QUERY-1729458203-0x713a207469746c653a205,0.05,0.0055801352550923,,0.0,0.0444198647449077,7.918219089508057
YES_OR_NO_QUERY-1729458169-0x713a207469746c653a205,0.0,0.0055544811532783,,0.0,0.0055544811532783,6.662652492523193
YES_OR_NO_QUERY-1729458147-0x713a207469746c653a205,0.02,0.0055681862567127,,0.0,0.014431813743287301,6.4254231452941895
YES_OR_NO_QUERY-1729458111-0x713a207469746c653a205,0.05,0.0055420797076417,,0.0,0.0444579202923583,7.449319124221802
YES_OR_NO_QUERY-1729458073-0x713a207469746c653a205,0.05,0.0055421512168977,,0.0,0.0444578487831023,7.377151012420654
YES_OR_NO_QUERY-1729446757-0x713a207469746c653a205,0.15,0.0172831910002709,,0.0,0.1327168089997291,9.065582513809204
YES_OR_NO_QUERY-1729381553-0x713a207469746c653a205,0.15,1.2290172363183536e-05,,0.0,0.14998770982763682,7.679904937744141
YES_OR_NO_QUERY-1729290089-0x713a207469746c653a205,0.15,0.0031441169173422,,0.0,0.1468558830826578,7.781495809555054
YES_OR_NO_QUERY-1729267239-0x713a207469746c653a204,0.02,2.6809754564019605e-05,,0.0,0.019973190245435982,6.400356769561768
YES_OR_NO_QUERY-1729267207-0x713a207469746c653a205,0.02,2.6809754564019605e-05,,0.0,0.019973190245435982,6.762624025344849
YES_OR_NO_QUERY-1729195254-0x713a207469746c653a205,0.15,7.508930605554527e-05,,0.0,0.14992491069394445,7.803642272949219
YES_OR_NO_QUERY-1729024436-0x713a207469746c653a205,0.05,0.0004083123399246,,0.0,0.0495916876600754,8.74081563949585
YES_OR_NO_QUERY-1729024416-0x713a207469746c653a205,0.0,0.0004198217947505,,0.0,0.0004198217947505,6.6223533153533936
YES_OR_NO_QUERY-1729024388-0x713a207469746c653a205,0.05,0.0015742035245875,,0.0,0.0484257964754125,9.168763399124146
YES_OR_NO_QUERY-1728950292-0x713a207469746c653a205,0.05,0.0268641794190198,,0.0,0.023135820580980203,6.524317979812622
YES_OR_NO_QUERY-1728938139-0x713a207469746c653a205,0.05,5.428282103198665e-05,,0.0,0.049945717178968015,7.9966065883636475
YES_OR_NO_QUERY-1728938131-0x713a207469746c653a205,0.05,9.705076838813284e-05,,0.0,0.04990294923161187,8.993836164474487
YES_OR_NO_QUERY-1728915386-0x713a207469746c653a205,0.15,0.0003146381996451,,0.0,0.14968536180035488,8.911234617233276
YES_OR_NO_QUERY-1728862159-0x713a207469746c653a205,0.15,3.261116352235044e-05,,0.0,0.14996738883647764,8.137732028961182
YES_OR_NO_QUERY-1728860127-0x713a207469746c653a205,0.15,1.0812822539655027e-05,,0.0,0.14998918717746035,8.155125856399536
YES_OR_NO_QUERY-1728761017-0x713a207469746c653a205,0.05,0.1677529680526562,,0.0,0.11775296805265618,6.342838287353516
YES_OR_NO_QUERY-1728686106-0x713a207469746c653a204,0.08,0.0372490450644867,,0.0,0.0427509549355133,9.923027515411377
YES_OR_NO_QUERY-1728681204-0x713a207469746c653a205,0.15,3.45059914660228e-05,,0.0,0.14996549400853398,7.213804721832275
YES_OR_NO_QUERY-1728518255-0x713a207469746c653a205,0.15,0.0222109075476344,,0.0,0.12778909245236558,9.396998882293701
YES_OR_NO_QUERY-1728286442-0x713a207469746c653a205,0.05,2.9091476563691284e-06,,0.0,0.049997090852343634,6.854680061340332
YES_OR_NO_QUERY-1728281970-0x713a207469746c653a205,0.05,2.9091476563691284e-06,,0.0,0.049997090852343634,6.8597893714904785
YES_OR_NO_QUERY-1728207698-0x713a207469746c653a204,0.15,0.1286282458261557,,0.0,0.021371754173844293,8.422409534454346
YES_OR_NO_QUERY-1728198235-0x713a207469746c653a204,0.15,0.1343303122033043,,0.0,0.015669687796695697,8.357776165008545
YES_OR_NO_QUERY-1728196263-0x713a207469746c653a205,0.05,0.0002813119157903,,0.0,0.049718688084209706,6.4140379428863525
YES_OR_NO_QUERY-1728118255-0x713a207469746c653a204,0.05,0.1947686887045494,,0.0,0.1447686887045494,6.54854679107666
YES_OR_NO_QUERY-1728001850-0x713a207469746c653a205,0.15,0.1150168003428124,,0.0,0.03498319965718759,7.545780897140503
YES_OR_NO_QUERY-1727965595-0x713a207469746c653a205,0.15,0.000373881680618,,0.0,0.149626118319382,7.5114240646362305
YES_OR_NO_QUERY-1727859030-0x713a207469746c653a205,0.15,0.0795528698001667,,0.0,0.0704471301998333,6.547995090484619
YES_OR_NO_QUERY-1727834598-0x713a207469746c653a205,0.15,0.0001278456954644,,0.0,0.1498721543045356,10.312252759933472
YES_OR_NO_QUERY-1727834398-0x713a207469746c653a205,0.15,0.0001455083205724,,0.0,0.1498544916794276,8.077876329421997
YES_OR_NO_QUERY-1727821420-0x713a207469746c653a204,0.0,0.0531242563042124,,0.0,0.0531242563042124,5.839598894119263
YES_OR_NO_QUERY-1727814608-0x713a207469746c653a205,0.15,2.3875556552202105e-05,,0.0,0.1499761244434478,9.151427507400513
YES_OR_NO_QUERY-1727811325-0x713a207469746c653a205,0.15,0.0006413547253609,,0.0,0.1493586452746391,7.881895065307617
YES_OR_NO_QUERY-1727797612-0x713a207469746c653a205,0.15,0.2253920656719155,,0.0,0.0753920656719155,6.578399181365967
YES_OR_NO_QUERY-1727762166-0x713a207469746c653a204,0.15,0.0440440388684374,,0.0,0.1059559611315626,7.335078239440918
YES_OR_NO_QUERY-1727755664-0x713a207469746c653a204,0.15,0.0440561964613572,,0.0,0.1059438035386428,7.327241659164429
YES_OR_NO_QUERY-1727750698-0x713a207469746c653a205,0.15,0.1529818091690951,,0.0,0.002981809169095101,7.49790620803833
YES_OR_NO_QUERY-1727748309-0x713a207469746c653a205,0.15,0.132907758218783,,0.0,0.017092241781216988,7.477065563201904
YES_OR_NO_QUERY-1727732234-0x713a207469746c653a205,0.15,0.0251499524121146,,0.0,0.1248500475878854,9.172791242599487
YES_OR_NO_QUERY-1727724719-0x713a207469746c653a205,0.15,0.0246751136095726,,0.0,0.12532488639042738,9.249062538146973
YES_OR_NO_QUERY-1727698529-0x713a207469746c653a204,0.15,0.1129234243945258,,0.0,0.0370765756054742,7.948296546936035
YES_OR_NO_QUERY-1727696897-0x713a207469746c653a204,0.15,0.075445513641634,,0.0,0.07455448635836599,7.812503099441528
YES_OR_NO_QUERY-1727407059-0x713a207469746c653a205,0.05,7.455513081043699e-06,,0.0,0.049992544486918956,6.588721513748169
YES_OR_NO_QUERY-1727374975-0x713a207469746c653a205,0.1,2.929941406211653e-05,,0.0,0.09997070058593789,8.23647427558899
YES_OR_NO_QUERY-1727373801-0x713a207469746c653a205,0.15,9.527335978117386e-06,,0.0,0.14999047266402188,8.356935501098633
YES_OR_NO_QUERY-1727366913-0x713a207469746c653a205,0.15,0.1053351898187886,,0.0,0.04466481018121139,7.796008586883545
YES_OR_NO_QUERY-1727366897-0x713a207469746c653a205,0.15,0.0805442770521469,,0.0,0.0694557229478531,7.18583607673645
YES_OR_NO_QUERY-1727366821-0x713a207469746c653a205,0.15,0.1308794604927058,,0.0,0.0191205395072942,7.76419997215271
YES_OR_NO_QUERY-1727366805-0x713a207469746c653a205,0.15,0.1039768405436766,,0.0,0.04602315945632339,7.91170597076416
YES_OR_NO_QUERY-1727366743-0x713a207469746c653a205,0.15,0.0805892112697165,,0.0,0.0694107887302835,7.7769615650177
YES_OR_NO_QUERY-1727366709-0x713a207469746c653a205,0.15,0.0805312036323772,,0.0,0.06946879636762279,7.065699577331543
YES_OR_NO_QUERY-1727349621-0x713a207469746c653a204,0.08,5.774240254640817e-07,,0.0,0.07999942257597453,7.252293109893799
YES_OR_NO_QUERY-1726995524-0x713a207469746c653a205,0.15,0.0,,0.0,0.15,7.680260896682739
YES_OR_NO_QUERY-1726952681-0x713a207469746c653a205,0.15,6.960695186643444e-06,,0.0,0.14999303930481336,7.52571964263916
YES_OR_NO_QUERY-1726891174-0x713a207469746c653a205,0.15,0.0552308270896132,,0.0,0.09476917291038679,6.61768102645874
YES_OR_NO_QUERY-1726801785-0x713a207469746c653a205,0.05,6.960695186643444e-06,,0.0,0.04999303930481336,8.007017374038696
YES_OR_NO_QUERY-1726777643-0x713a207469746c653a204,0.15,0.0,,0.0,0.15,7.849043607711792
YES_OR_NO_QUERY-1726682626-0x713a207469746c653a205,0.15,0.0,,0.0,0.15,8.072096824645996
YES_OR_NO_QUERY-1726634927-0x713a207469746c653a205,0.15,0.0,,0.0,0.15,7.838723182678223
YES_OR_NO_QUERY-1726463311-0x713a207469746c653a204,0.15,1.5799557386362348e-07,,0.0,0.14999984200442612,7.086816787719727
YES_OR_NO_QUERY-1726459213-0x713a207469746c653a204,0.15,0.0047956679020625,,0.0,0.14520433209793748,7.157313108444214
YES_OR_NO_QUERY-1726450225-0x713a207469746c653a205,0.15,1.5797769472666193e-07,,0.0,0.14999984202230526,6.913331985473633
YES_OR_NO_QUERY-1726408296-0x713a207469746c653a205,0.02,0.0012427476848428,,0.0,0.0187572523151572,6.894579172134399
YES_OR_NO_QUERY-1726408264-0x713a207469746c653a205,0.0,0.0012427476848428,,0.0,0.0012427476848428,7.277371883392334
YES_OR_NO_QUERY-1726408236-0x713a207469746c653a205,0.0,0.0012427476848428,,0.0,0.0012427476848428,5.781759262084961
YES_OR_NO_QUERY-1726320773-0x713a207469746c653a204,0.15,0.0,,0.0,0.15,8.360912084579468
YES_OR_NO_QUERY-1726196948-0x713a207469746c653a205,0.0,4.334792001839831e-05,,0.0,4.334792001839831e-05,7.017916917800903
YES_OR_NO_QUERY-1726029862-0x713a207469746c653a204,0.15,1.132472174627835e-05,,0.0,0.1499886752782537,7.343486785888672
YES_OR_NO_QUERY-1726022953-0x713a207469746c653a205,0.15,0.0,,0.0,0.15,6.772871255874634
YES_OR_NO_QUERY-1726022775-0x713a207469746c653a204,0.15,1.4292368610265303e-05,,0.0,0.14998570763138974,7.348161458969116
YES_OR_NO_QUERY-1725838875-0x713a207469746c653a204,0.05,0.0249526977449005,,0.0,0.025047302255099504,7.136422157287598
YES_OR_NO_QUERY-1725638402-0x713a207469746c653a205,0.02,1.4475664262723676e-05,,0.0,0.019985524335737276,6.753057479858398
YES_OR_NO_QUERY-1725638376-0x713a207469746c653a205,0.15,1.4475664262723676e-05,,0.0,0.14998552433573728,5.972496032714844
YES_OR_NO_QUERY-1725582013-0x713a207469746c653a205,0.15,1.4475664262723676e-05,,0.0,0.14998552433573728,8.730459690093994
YES_OR_NO_QUERY-1725470964-0x713a207469746c653a205,0.15,0.0,,0.0,0.15,9.953647375106812
YES_OR_NO_QUERY-1725465848-0x713a207469746c653a205,0.15,0.0,,0.0,0.15,9.145488500595093
YES_OR_NO_QUERY-1725419318-0x713a207469746c653a205,0.08,4.471630467736581e-06,,0.0,0.07999552836953226,9.567937850952148
YES_OR_NO_QUERY-1725365380-0x713a207469746c653a202,0.08,0.0001316178114298,,0.0,0.0798683821885702,6.70867133140564
YES_OR_NO_QUERY-1725211226-0x713a207469746c653a205,0.15,0.0,,0.0,0.15,7.238815069198608
YES_OR_NO_QUERY-1725206715-0x713a207469746c653a205,0.0,3.823265023748485e-05,,0.0,3.823265023748485e-05,5.492216110229492
YES_OR_NO_QUERY-1725206709-0x713a207469746c653a205,0.0,3.82327815061008e-05,,0.0,3.82327815061008e-05,6.702175617218018
YES_OR_NO_QUERY-1725206679-0x713a207469746c653a205,0.0,3.82327815061008e-05,,0.0,3.82327815061008e-05,5.088557720184326
YES_OR_NO_QUERY-1725206517-0x713a207469746c653a205,0.08,3.82327815061008e-05,,0.0,0.0799617672184939,6.375149726867676
YES_OR_NO_QUERY-1725206453-0x713a207469746c653a205,0.0,6.143758715855461e-05,,0.0,6.143758715855461e-05,7.343802452087402
YES_OR_NO_QUERY-1725206333-0x713a207469746c653a205,0.0,3.82327815061008e-05,,0.0,3.82327815061008e-05,6.138518333435059
YES_OR_NO_QUERY-1725206295-0x713a207469746c653a205,0.0,3.82327815061008e-05,,0.0,3.82327815061008e-05,5.464520692825317
YES_OR_NO_QUERY-1725206251-0x713a207469746c653a205,0.0,3.82327815061008e-05,,0.0,3.82327815061008e-05,6.1656012535095215
YES_OR_NO_QUERY-1725206245-0x713a207469746c653a205,0.0,0.0074032088961748,,0.0,0.0074032088961748,5.075792551040649
YES_OR_NO_QUERY-1725204787-0x713a207469746c653a205,0.15,0.0,,0.0,0.15,7.2283525466918945
YES_OR_NO_QUERY-1725203566-0x713a207469746c653a205,0.15,0.0007756255002418,,0.0,0.1492243744997582,9.14101767539978
YES_OR_NO_QUERY-1725203350-0x713a207469746c653a205,0.15,0.0066515006722908,,0.0,0.14334849932770918,8.352351903915405
YES_OR_NO_QUERY-1725107899-0x713a207469746c653a205,0.15,1.0728550517529285e-05,,0.0,0.14998927144948246,8.615568161010742
YES_OR_NO_QUERY-1724988287-0x713a207469746c653a205,0.15,0.0028709388620999,,0.0,0.14712906113790009,7.742520570755005
YES_OR_NO_QUERY-1724985263-0x713a207469746c653a205,0.15,0.0028709388620999,,0.0,0.14712906113790009,7.732560873031616
YES_OR_NO_QUERY-1724875832-0x713a207469746c653a205,0.15,0.0,,0.0,0.15,7.713059186935425
YES_OR_NO_QUERY-1724617994-0x713a207469746c653a205,0.15,0.0591965265027817,,0.0,0.09080347349721829,6.806812524795532
YES_OR_NO_QUERY-1724596461-0x713a207469746c653a205,0.0,0.006419370674031,,0.0,0.006419370674031,6.622039318084717
YES_OR_NO_QUERY-1724593840-0x713a207469746c653a205,0.15,0.0591959378412796,,0.0,0.09080406215872039,6.861697673797607
YES_OR_NO_QUERY-1724454197-0x713a207469746c653a205,0.15,0.2179781921822329,,0.0,0.06797819218223292,9.033785343170166
YES_OR_NO_QUERY-1724454141-0x713a207469746c653a205,0.15,0.0974230864974738,,0.0,0.05257691350252619,7.226094722747803
YES_OR_NO_QUERY-1724453323-0x713a207469746c653a205,0.08,0.2065559854214535,,0.0,0.12655598542145352,7.912355184555054
YES_OR_NO_QUERY-1724448369-0x713a207469746c653a205,0.15,0.2190805210566445,,0.0,0.0690805210566445,9.027126550674438
YES_OR_NO_QUERY-1724448279-0x713a207469746c653a205,0.15,0.090806374809303,,0.0,0.059193625190697,7.232438802719116
YES_OR_NO_QUERY-1724447979-0x713a207469746c653a205,0.08,0.2191309380230209,,0.0,0.1391309380230209,8.016193151473999
YES_OR_NO_QUERY-1724444397-0x713a207469746c653a205,0.15,0.0672629679403797,,0.0,0.0827370320596203,9.360507249832153
YES_OR_NO_QUERY-1724420641-0x713a207469746c653a205,0.15,0.2384257004344412,,0.0,0.0884257004344412,6.68459415435791
YES_OR_NO_QUERY-1724385438-0x713a207469746c653a205,0.2,0.0151467750784833,,0.0,0.1848532249215167,6.70625376701355
YES_OR_NO_QUERY-1724383058-0x713a207469746c653a205,0.2,0.0067422148250246,,0.0,0.1932577851749754,6.750722646713257
YES_OR_NO_QUERY-1724363221-0x713a207469746c653a205,0.15,0.000821232692864,,0.0,0.149178767307136,8.790821075439453
YES_OR_NO_QUERY-1724212926-0x713a207469746c653a205,0.15,1.4212569030778816e-05,,0.0,0.14998578743096921,8.316938161849976
YES_OR_NO_QUERY-1724212758-0x713a207469746c653a205,0.15,0.0099854047280373,,0.0,0.1400145952719627,7.410383701324463
YES_OR_NO_QUERY-1724211918-0x713a207469746c653a205,0.15,2.705340240982844e-05,,0.0,0.14997294659759017,8.381361246109009
YES_OR_NO_QUERY-1724211134-0x713a207469746c653a205,0.15,0.0,,0.0,0.15,7.481037855148315
YES_OR_NO_QUERY-1723786665-0x713a207469746c653a204,0.15,0.1891074863708582,,0.0,0.0391074863708582,6.738066673278809
YES_OR_NO_QUERY-1723756351-0x713a207469746c653a205,0.15,2.7421877731912723e-05,,0.0,0.14997257812226808,6.792736291885376
YES_OR_NO_QUERY-1723516594-0x713a207469746c653a205,0.2,0.035615220481492,,0.0,0.164384779518508,6.14354395866394
YES_OR_NO_QUERY-1723515081-0x713a207469746c653a205,0.25,0.0089939457369025,,0.0,0.2410060542630975,7.3908820152282715
YES_OR_NO_QUERY-1723482851-0x713a207469746c653a205,0.08,0.0,,0.0,0.08,6.374603748321533
YES_OR_NO_QUERY-1723476765-0x713a207469746c653a205,0.08,0.0,,0.0,0.08,6.32198166847229
YES_OR_NO_QUERY-1723280386-0x713a207469746c653a205,0.08,0.0,,0.0,0.08,7.033024072647095
YES_OR_NO_QUERY-1723146829-0x713a207469746c653a205,0.15,0.0,,0.0,0.15,7.195019721984863
YES_OR_NO_QUERY-1723000345-0x713a207469746c653a205,0.15,0.0,,0.0,0.15,8.765933752059937
YES_OR_NO_QUERY-1722981064-0x713a207469746c653a204,0.15,0.0172689955438438,,0.0,0.1327310044561562,8.277361631393433
YES_OR_NO_QUERY-1722979282-0x713a207469746c653a205,0.08,0.0161497492755765,,0.0,0.0638502507244235,7.600054502487183
YES_OR_NO_QUERY-1722978648-0x713a207469746c653a204,0.0,0.0368383332608676,,0.0,0.0368383332608676,6.356626033782959
YES_OR_NO_QUERY-1722962396-0x713a207469746c653a205,0.08,0.0,,0.0,0.08,9.144878149032593
YES_OR_NO_QUERY-1722954902-0x713a207469746c653a205,0.08,6.850126790054091e-06,,0.0,0.07999314987320995,8.248109817504883
YES_OR_NO_QUERY-1722940670-0x713a207469746c653a205,0.08,0.0143485803552757,,0.0,0.0656514196447243,9.079115867614746
YES_OR_NO_QUERY-1722920146-0x713a207469746c653a205,0.05,0.0149216191926624,,0.0,0.035078380807337606,6.922788381576538
YES_OR_NO_QUERY-1722911989-0x713a207469746c653a205,0.15,0.0755862775819825,,0.0,0.0744137224180175,8.568777799606323
YES_OR_NO_QUERY-1722713102-0x713a207469746c653a205,0.15,0.2234383022869511,,0.0,0.07343830228695111,8.510607719421387
YES_OR_NO_QUERY-1722685917-0x713a207469746c653a205,0.08,0.0,,0.0,0.08,8.269388198852539
YES_OR_NO_QUERY-1722657804-0x713a207469746c653a205,0.15,5.709831814950764e-06,,0.0,0.14999429016818505,6.734580039978027
YES_OR_NO_QUERY-1722639948-0x713a207469746c653a205,0.15,5.709831814950764e-06,,0.0,0.14999429016818505,9.669289588928223
YES_OR_NO_QUERY-1722600596-0x713a207469746c653a204,0.15,0.1441465834252982,,0.0,0.005853416574701786,6.6733317375183105
YES_OR_NO_QUERY-1722541237-0x713a207469746c653a203,0.05,2.233707860449084e-05,,0.0,0.049977662921395515,6.970513582229614
YES_OR_NO_QUERY-1722499386-0x713a207469746c653a205,0.08,3.353344045939127e-07,,0.0,0.07999966466559541,11.765496253967285
YES_OR_NO_QUERY-1722478874-0x713a207469746c653a205,0.05,3.353344045939127e-07,,0.0,0.04999966466559541,8.37802243232727
YES_OR_NO_QUERY-1722291218-0x713a207469746c653a205,0.15,0.0156594296111339,,0.0,0.1343405703888661,8.361178636550903
YES_OR_NO_QUERY-1722248423-0x713a207469746c653a205,0.15,0.0154729543973191,,0.0,0.1345270456026809,8.344122886657715
YES_OR_NO_QUERY-1722203814-0x713a207469746c653a205,0.05,0.0,,0.0,0.05,6.376781463623047
YES_OR_NO_QUERY-1722201440-0x713a207469746c653a205,0.08,0.0,,0.0,0.08,10.414222717285156
YES_OR_NO_QUERY-1722199216-0x713a207469746c653a205,0.08,0.0,,0.0,0.08,10.437532186508179
YES_OR_NO_QUERY-1722119627-0x713a207469746c653a205,0.15,0.0,,0.0,0.15,8.226330995559692
YES_OR_NO_QUERY-1722113902-0x713a207469746c653a205,0.15,2.546667491121052e-05,,0.0,0.14997453332508878,8.260820865631104
YES_OR_NO_QUERY-1722020956-0x713a207469746c653a204,0.15,3.077564237004979e-05,,0.0,0.14996922435762994,8.539286851882935
YES_OR_NO_QUERY-1721854687-0x713a207469746c653a204,0.15,0.0,,0.0,0.15,8.339704275131226
YES_OR_NO_QUERY-1721633864-0x713a207469746c653a204,0.08,0.0,,0.0,0.08,8.449247121810913
YES_OR_NO_QUERY-1721628623-0x713a207469746c653a204,0.08,0.0001758984312683,,0.0,0.0798241015687317,8.44329833984375
YES_OR_NO_QUERY-1721506073-0x713a207469746c653a205,0.15,4.62538670289615e-05,,0.0,0.14995374613297102,7.895014524459839
YES_OR_NO_QUERY-1721407449-0x713a207469746c653a204,0.08,1.849936929012495e-05,,0.0,0.07998150063070987,6.0661211013793945
YES_OR_NO_QUERY-1721084091-0x713a207469746c653a204,0.15,0.0,,0.0,0.15,9.74985957145691
YES_OR_NO_QUERY-1720997002-0x713a207469746c653a205,0.15,7.05257565304838e-05,,0.0,0.1499294742434695,7.847582578659058
YES_OR_NO_QUERY-1720778092-0x713a207469746c653a205,0.2,0.0518500197501696,,0.0,0.14814998024983042,8.165206670761108
YES_OR_NO_QUERY-1720456230-0x713a207469746c653a205,0.15,0.0014589733273129,,0.0,0.1485410266726871,8.22415566444397
YES_OR_NO_QUERY-1720396113-0x713a207469746c653a205,0.15,0.0014589733273129,,0.0,0.1485410266726871,8.153591632843018
YES_OR_NO_QUERY-1720376438-0x713a207469746c653a205,0.15,3.7400655995155153e-07,,0.0,0.14999962599344005,7.962161064147949
YES_OR_NO_QUERY-1720267815-0x713a207469746c653a205,0.15,3.7400655995155153e-07,,0.0,0.14999962599344005,7.391512393951416
YES_OR_NO_QUERY-1720259397-0x713a207469746c653a205,0.15,3.7400655995155153e-07,,0.0,0.14999962599344005,7.366627931594849
YES_OR_NO_QUERY-1719963550-0x713a207469746c653a205,0.15,0.0,,0.0,0.15,7.953758478164673
YES_OR_NO_QUERY-1719956499-0x713a207469746c653a204,0.02,0.0010361175002433,,0.0,0.0189638824997567,5.980420112609863
YES_OR_NO_QUERY-1719863612-0x713a207469746c653a205,0.02,0.0288455283709175,,0.0,0.0088455283709175,9.456727504730225
YES_OR_NO_QUERY-1719814476-0x713a207469746c653a205,0.15,0.0,,0.0,0.15,7.615328311920166
YES_OR_NO_QUERY-1719562245-0x713a207469746c653a204,0.15,0.0009806366304217,,0.0,0.1490193633695783,7.568659067153931
YES_OR_NO_QUERY-1719554945-0x713a207469746c653a204,0.15,0.0009806366304217,,0.0,0.1490193633695783,7.502077579498291
YES_OR_NO_QUERY-1719542747-0x713a207469746c653a204,0.2,9.116829615025146e-05,,0.0,0.19990883170384977,10.060959100723267
YES_OR_NO_QUERY-1719540306-0x713a207469746c653a204,0.2,9.11689325672257e-05,,0.0,0.1999088310674328,8.20917272567749
YES_OR_NO_QUERY-1719407590-0x713a207469746c653a205,0.15,0.217905566868623,,0.0,0.06790556686862301,7.437784910202026
YES_OR_NO_QUERY-1719262872-0x713a207469746c653a205,0.0,3.31762262580127e-05,,0.0,3.31762262580127e-05,6.644841194152832
YES_OR_NO_QUERY-1719165227-0x713a207469746c653a205,0.2,0.0027463113232291,,0.0,0.1972536886767709,7.634083986282349
YES_OR_NO_QUERY-1719160662-0x713a207469746c653a205,0.2,0.0029667153883513,,0.0,0.1970332846116487,7.607830047607422
YES_OR_NO_QUERY-1719032882-0x713a207469746c653a204,0.15,0.0149651567980063,,0.0,0.1350348432019937,7.802316665649414
YES_OR_NO_QUERY-1719028744-0x713a207469746c653a204,0.15,0.0661416975991306,,0.0,0.08385830240086939,7.794087171554565
YES_OR_NO_QUERY-1718985614-0x713a207469746c653a204,0.02,0.0,,0.0,0.02,6.446530818939209
YES_OR_NO_QUERY-1718883395-0x713a207469746c653a204,0.15,0.0098217345337513,,0.0,0.1401782654662487,8.636417865753174
YES_OR_NO_QUERY-1718604780-0x713a207469746c653a207,0.15,1.3688711057834917e-05,,0.0,0.14998631128894216,8.725361824035645
YES_OR_NO_QUERY-1717826936-0x713a207469746c653a205,0.05,7.560994325749765e-05,,0.0,0.049924390056742506,6.537684917449951
YES_OR_NO_QUERY-1717679612-0x713a207469746c653a205,0.15,0.0,,0.0,0.15,8.197486877441406
YES_OR_NO_QUERY-1717265994-0x713a207469746c653a204,0.15,0.0348384957505073,,0.0,0.1151615042494927,8.877685070037842
YES_OR_NO_QUERY-1717215825-0x713a207469746c653a204,0.15,8.711494938860885e-05,,0.0,0.14991288505061137,8.316372632980347
YES_OR_NO_QUERY-1717215763-0x713a207469746c653a204,0.15,8.711494938860885e-05,,0.0,0.14991288505061137,7.574329376220703
YES_OR_NO_QUERY-1717215675-0x713a207469746c653a205,0.08,8.711494938860885e-05,,0.0,0.07991288505061139,8.34296441078186
YES_OR_NO_QUERY-1717215611-0x713a207469746c653a204,0.15,8.711494938860885e-05,,0.0,0.14991288505061137,6.980831861495972
YES_OR_NO_QUERY-1717215533-0x713a207469746c653a204,0.08,8.711494938860885e-05,,0.0,0.07991288505061139,6.610654592514038
YES_OR_NO_QUERY-1716781161-0x713a207469746c653a205,0.15,7.474546961588001e-05,,0.0,0.1499252545303841,9.861247301101685
YES_OR_NO_QUERY-1716766942-0x713a207469746c653a205,0.15,0.0443285864728862,,0.0,0.10567141352711379,9.872041702270508
YES_OR_NO_QUERY-1716687509-0x713a207469746c653a205,0.15,0.0001079754913244,,0.0,0.1498920245086756,8.214598178863525
YES_OR_NO_QUERY-1716499382-0x713a207469746c653a204,0.08,0.0001367540836728,,0.0,0.07986324591632721,6.805987119674683
YES_OR_NO_QUERY-1716492897-0x713a207469746c653a205,0.15,0.0022341894463866,,0.0,0.1477658105536134,8.25508451461792
YES_OR_NO_QUERY-1716276662-0x713a207469746c653a205,0.15,0.0,,0.0,0.15,11.053429126739502
YES_OR_NO_QUERY-1716275296-0x713a207469746c653a205,0.15,0.0,,0.0,0.15,10.982927799224854
YES_OR_NO_QUERY-1716181422-0x713a207469746c653a205,0.15,0.0029794853850999,,0.0,0.1470205146149001,8.367152214050293
YES_OR_NO_QUERY-1716174422-0x713a207469746c653a205,0.15,0.0364743268563114,,0.0,0.1135256731436886,8.431999683380127
YES_OR_NO_QUERY-1715619512-0x713a207469746c653a205,0.15,1.5648264972060416e-05,,0.0,0.14998435173502794,6.712217330932617
YES_OR_NO_QUERY-1715317661-0x713a207469746c653a202,0.15,7.05759131308013e-07,,0.0,0.1499992942408687,6.993020296096802
YES_OR_NO_QUERY-1714871155-0x713a207469746c653a205,0.05,0.0465144938268883,,0.0,0.003485506173111705,7.712871313095093
YES_OR_NO_QUERY-1714870969-0x713a207469746c653a205,0.05,0.0465144938268883,,0.0,0.003485506173111705,5.992204189300537
YES_OR_NO_QUERY-1714870767-0x713a207469746c653a205,0.0,0.0465144938268883,,0.0,0.0465144938268883,5.7439799308776855
YES_OR_NO_QUERY-1714870724-0x713a207469746c653a205,0.0,0.0465144938268883,,0.0,0.0465144938268883,5.846353769302368
YES_OR_NO_QUERY-1714870684-0x713a207469746c653a205,0.0,0.0465144938268883,,0.0,0.0465144938268883,5.291034936904907
YES_OR_NO_QUERY-1714727742-0x713a207469746c653a205,0.15,8.349959010914598e-06,,0.0,0.14999165004098908,8.011489152908325
YES_OR_NO_QUERY-1714719848-0x713a207469746c653a205,0.15,8.349959010914598e-06,,0.0,0.14999165004098908,8.034490823745728
YES_OR_NO_QUERY-1714446064-0x713a207469746c653a203,0.05,0.0,,0.0,0.05,6.261380434036255
YES_OR_NO_QUERY-1714446040-0x713a207469746c653a205,0.0,0.0,,0.0,0.0,5.6831676959991455
YES_OR_NO_QUERY-1714164429-0x713a207469746c653a205,0.15,0.0,,0.0,0.15,8.299304723739624
YES_OR_NO_QUERY-1713967747-0x713a207469746c653a205,0.15,0.0009525024871635,,0.0,0.1490474975128365,8.237928867340088
YES_OR_NO_QUERY-1713922663-0x713a207469746c653a204,0.15,0.0,,0.0,0.15,8.596948862075806
YES_OR_NO_QUERY-1713898108-0x713a207469746c653a205,0.08,0.0,,0.0,0.08,8.167190551757812
YES_OR_NO_QUERY-1713264312-0x713a207469746c653a205,0.15,7.154334581802937e-06,,0.0,0.14999284566541818,7.707124710083008
YES_OR_NO_QUERY-1712881633-0x713a207469746c653a205,0.15,7.839060708069613e-06,,0.0,0.14999216093929194,9.812421798706055
YES_OR_NO_QUERY-1712800060-0x713a207469746c653a205,0.08,0.0,,0.0,0.08,6.595736503601074
YES_OR_NO_QUERY-1712292622-0x713a207469746c653a205,0.15,0.0584814029462873,,0.0,0.0915185970537127,7.608563661575317
Admin 201-1712248379-0x7469746c653a2041646d696e206,0.05,0.0,,0.0,0.05,5.735004901885986
YES_OR_NO_QUERY-1711694651-0x713a207469746c653a205,0.15,0.017227466716817,,0.0,0.132772533283183,8.02742338180542
YES_OR_NO_QUERY-1711129869-0x713a207469746c653a205,0.08,2.5593694768653643e-05,,0.0,0.07997440630523135,7.431922912597656
YES_OR_NO_QUERY-1710649467-0x713a207469746c653a204,0.15,6.7011499135800535e-06,,0.0,0.14999329885008642,6.283636808395386
YES_OR_NO_QUERY-1710647068-0x713a207469746c653a204,0.15,6.7011499135800535e-06,,0.0,0.14999329885008642,6.2588207721710205
YES_OR_NO_QUERY-1710117597-0x713a207469746c653a205,0.05,0.0,,0.0,0.05,6.148324489593506
YES_OR_NO_QUERY-1710020986-0x713a207469746c653a205,0.08,0.0564970485625608,,0.0,0.023502951437439204,7.884521245956421
YES_OR_NO_QUERY-1710019736-0x713a207469746c653a205,0.08,0.0564970485625608,,0.0,0.023502951437439204,7.95107102394104
YES_OR_NO_QUERY-1710010009-0x713a207469746c653a205,0.15,0.0574089480987955,,0.0,0.0925910519012045,9.532514333724976
YES_OR_NO_QUERY-1710003213-0x713a207469746c653a205,0.15,0.0574089480987955,,0.0,0.0925910519012045,9.540437698364258
YES_OR_NO_QUERY-1709494273-0x713a207469746c653a205,0.15,0.0,,0.0,0.15,7.702326536178589
YES_OR_NO_QUERY-1709419223-0x713a207469746c653a204,0.15,0.0,,0.0,0.15,8.622239351272583
YES_OR_NO_QUERY-1709281227-0x713a207469746c653a205,0.05,0.0,,0.0,0.05,8.093041896820068
YES_OR_NO_QUERY-1709259142-0x713a207469746c653a204,0.15,0.0,,0.0,0.15,9.624114274978638
YES_OR_NO_QUERY-1709095729-0x713a207469746c653a205,0.15,0.0463696461806592,,0.0,0.1036303538193408,9.519602298736572
YES_OR_NO_QUERY-1709095643-0x713a207469746c653a205,0.15,0.0531178190360151,,0.0,0.0968821809639849,8.996923208236694
YES_OR_NO_QUERY-1708945115-0x713a207469746c653a205,0.15,0.0522146692606259,,0.0,0.0977853307393741,9.012757539749146
YES_OR_NO_QUERY-1708840361-0x713a207469746c653a205,0.15,0.0454511665544444,,0.0,0.1045488334455556,9.462047100067139
YES_OR_NO_QUERY-1708689547-0x713a207469746c653a205,0.05,0.0,,0.0,0.05,8.182594776153564
YES_OR_NO_QUERY-1708684634-0x713a207469746c653a205,0.05,0.0,,0.0,0.05,8.20852279663086
YES_OR_NO_QUERY-1707206599-0x713a207469746c653a205,0.15,0.2156594875828129,,0.0,0.0656594875828129,8.494328260421753
YES_OR_NO_QUERY-1707206533-0x713a207469746c653a204,0.15,0.2157764385634225,,0.0,0.0657764385634225,10.078794002532959
YES_OR_NO_QUERY-1707206195-0x713a207469746c653a204,0.15,0.2157046723349314,,0.0,0.06570467233493141,7.681099891662598
YES_OR_NO_QUERY-1707205965-0x713a207469746c653a204,0.15,0.2157046723349314,,0.0,0.06570467233493141,7.251242637634277
YES_OR_NO_QUERY-1707108196-0x713a207469746c653a204,0.15,0.1421493924236539,,0.0,0.007850607576346091,7.443901777267456
YES_OR_NO_QUERY-1707107926-0x713a207469746c653a204,0.15,0.1680200067720218,,0.0,0.018020006772021813,9.712964057922363
YES_OR_NO_QUERY-1707107753-0x713a207469746c653a204,0.15,0.1680200067720218,,0.0,0.018020006772021813,7.43213677406311
YES_OR_NO_QUERY-1707107506-0x713a207469746c653a204,0.08,0.1421493924236539,,0.0,0.0621493924236539,7.897205352783203
YES_OR_NO_QUERY-1707107384-0x713a207469746c653a204,0.15,0.1680200067720218,,0.0,0.018020006772021813,7.207889080047607
YES_OR_NO_QUERY-1707069005-0x713a207469746c653a204,0.15,0.0599283100500648,,0.0,0.0900716899499352,8.0626060962677
YES_OR_NO_QUERY-1706768409-0x713a207469746c653a205,0.15,0.0,,0.0,0.15,7.339816331863403
YES_OR_NO_QUERY-1706765174-0x713a207469746c653a205,0.15,0.0,,0.0,0.15,7.26693868637085
YES_OR_NO_QUERY-1706572316-0x713a207469746c653a204,0.15,0.1736253934604321,,0.0,0.023625393460432104,10.131951332092285
YES_OR_NO_QUERY-1706116504-0x713a207469746c653a205,0.15,0.0,,0.0,0.15,7.152795791625977
YES_OR_NO_QUERY-1706116290-0x713a207469746c653a205,0.15,0.0,,0.0,0.15,7.20143461227417
YES_OR_NO_QUERY-1706116200-0x713a207469746c653a205,0.15,0.0,,0.0,0.15,7.19194221496582
YES_OR_NO_QUERY-1706116140-0x713a207469746c653a205,0.15,0.0536674503006304,,0.0,0.0963325496993696,7.189454555511475
YES_OR_NO_QUERY-1706077464-0x713a207469746c653a205,0.15,0.0,,0.0,0.15,8.133257627487183
YES_OR_NO_QUERY-1705736801-0x713a207469746c653a204,0.15,0.0,,0.0,0.15,6.386659622192383
YES_OR_NO_QUERY-1705563174-0x713a207469746c653a205,0.15,3.6135191097286486e-06,,0.0,0.14999638648089025,9.071279764175415
YES_OR_NO_QUERY-1705548389-0x713a207469746c653a205,0.15,0.0176493636743415,,0.0,0.1323506363256585,8.006080627441406
YES_OR_NO_QUERY-1705426120-0x713a207469746c653a204,0.02,0.0240023537672443,,0.0,0.0040023537672442995,5.910238265991211
YES_OR_NO_QUERY-1704410137-0x713a207469746c653a205,0.15,0.0454409771073714,,0.0,0.1045590228926286,7.968244791030884
YES_OR_NO_QUERY-1704174757-0x713a207469746c653a205,0.15,0.0670717680462866,,0.0,0.08292823195371339,8.037274599075317
YES_OR_NO_QUERY-1704094059-0x713a207469746c653a204,0.15,0.1818145224875652,,0.0,0.031814522487565194,7.874675273895264
YES_OR_NO_QUERY-1704088805-0x713a207469746c653a205,0.15,0.0144062367664221,,0.0,0.13559376323357789,8.518516778945923
YES_OR_NO_QUERY-1704085232-0x713a207469746c653a205,0.15,0.0144062367664221,,0.0,0.13559376323357789,8.550166845321655
YES_OR_NO_QUERY-1703425864-0x713a207469746c653a204,0.05,0.0003577467458515,,0.0,0.049642253254148505,6.150111198425293
YES_OR_NO_QUERY-1703289750-0x713a207469746c653a205,0.08,0.1457362507692777,,0.0,0.06573625076927771,7.558854341506958
YES_OR_NO_QUERY-1702158945-0x713a207469746c653a205,0.15,0.0227813249134865,,0.0,0.1272186750865135,7.088648319244385
YES_OR_NO_QUERY-1702158619-0x713a207469746c653a204,0.15,0.0227417768654964,,0.0,0.1272582231345036,7.56157374382019
YES_OR_NO_QUERY-1701914107-0x713a207469746c653a204,0.15,0.0009195155138396,,0.0,0.1490804844861604,6.468085765838623
YES_OR_NO_QUERY-1701740087-0x713a207469746c653a204,0.15,0.105438292911636,,0.0,0.04456170708836399,6.372826337814331
YES_OR_NO_QUERY-1701724259-0x713a207469746c653a204,0.15,0.1825121242243102,,0.0,0.03251212422431021,7.966241121292114
YES_OR_NO_QUERY-1701643210-0x713a207469746c653a205,0.15,0.0484052576555297,,0.0,0.1015947423444703,8.494709968566895
YES_OR_NO_QUERY-1700835441-0x713a207469746c653a204,0.15,0.0362326011601807,,0.0,0.11376739883981929,7.902133226394653
YES_OR_NO_QUERY-1700674087-0x713a207469746c653a204,0.15,0.1564510052631608,,0.0,0.006451005263160808,7.408442258834839
YES_OR_NO_QUERY-1700641056-0x713a207469746c653a205,0.08,0.0346565299966829,,0.0,0.0453434700033171,6.644371509552002
YES_OR_NO_QUERY-1700453244-0x713a207469746c653a205,0.05,0.0,,0.0,0.05,6.051387786865234
YES_OR_NO_QUERY-1699835833-0x713a207469746c653a204,0.05,0.0,,0.0,0.05,7.3109495639801025
YES_OR_NO_QUERY-1699653296-0x713a207469746c653a205,0.15,0.0,,0.0,0.15,6.700158596038818
YES_OR_NO_QUERY-1698864893-0x713a207469746c653a205,0.15,0.0265210206373595,,0.0,0.12347897936264049,9.294907569885254
YES_OR_NO_QUERY-1698838495-0x713a207469746c653a205,0.15,0.0265210206373595,,0.0,0.12347897936264049,8.610939502716064
YES_OR_NO_QUERY-1698838413-0x713a207469746c653a205,0.15,0.0265210206373595,,0.0,0.12347897936264049,9.310186862945557
YES_OR_NO_QUERY-1698811206-0x713a207469746c653a205,0.15,0.1248011836784574,,0.0,0.025198816321542597,8.193296670913696
YES_OR_NO_QUERY-1698777179-0x713a207469746c653a204,0.15,0.0260387245739131,,0.0,0.1239612754260869,7.409015417098999
YES_OR_NO_QUERY-1698774570-0x713a207469746c653a204,0.15,0.0260387245739131,,0.0,0.1239612754260869,7.415139198303223
YES_OR_NO_QUERY-1698728523-0x713a207469746c653a204,0.15,0.0055393573614953,,0.0,0.1444606426385047,7.252310752868652
YES_OR_NO_QUERY-1698725229-0x713a207469746c653a205,0.15,0.21668425907635,,0.0,0.06668425907635,8.124353647232056
YES_OR_NO_QUERY-1698556229-0x713a207469746c653a205,0.15,0.0751593802999772,,0.0,0.0748406197000228,8.920360088348389
YES_OR_NO_QUERY-1698548929-0x713a207469746c653a205,0.15,0.074444805584004,,0.0,0.075555194415996,8.902714014053345
YES_OR_NO_QUERY-1698291643-0x713a207469746c653a204,0.05,0.0,,0.0,0.05,7.305602550506592
YES_OR_NO_QUERY-1697888151-0x713a207469746c653a205,0.15,0.0584660086235212,,0.0,0.0915339913764788,7.8858582973480225
YES_OR_NO_QUERY-1697887663-0x713a207469746c653a205,0.15,0.0584592312393286,,0.0,0.0915407687606714,7.868309259414673
YES_OR_NO_QUERY-1697862735-0x713a207469746c653a204,0.15,0.1014495957119387,,0.0,0.04855040428806129,7.745193243026733
YES_OR_NO_QUERY-1697860872-0x713a207469746c653a205,0.15,0.0423803832364067,,0.0,0.1076196167635933,9.317362308502197
YES_OR_NO_QUERY-1697858939-0x713a207469746c653a204,0.15,0.093199788278788,,0.0,0.056800211721211996,7.7517406940460205
YES_OR_NO_QUERY-1697565017-0x713a207469746c653a205,0.15,0.0633563783600395,,0.0,0.08664362163996049,7.8914594650268555
YES_OR_NO_QUERY-1697215977-0x713a207469746c653a202,0.15,0.000177016214118,,0.0,0.149822983785882,8.809492826461792
YES_OR_NO_QUERY-1696968710-0x713a207469746c653a205,0.15,0.0007298420823129,,0.0,0.1492701579176871,8.469910860061646
Admin 197-1694114039-0x7469746c653a2041646d696e206,0.05,0.0,,0.0,0.05,5.557496547698975
YES_OR_NO_QUERY-1692672221-0x713a207469746c653a205,0.15,2.0055429552141856e-05,,0.0,0.14997994457044786,9.735296249389648
YES_OR_NO_QUERY-1692635229-0x713a207469746c653a205,0.15,2.0055429552141856e-05,,0.0,0.14997994457044786,9.661638021469116
YES_OR_NO_QUERY-1692500205-0x713a207469746c653a204,0.0,0.1489202080658486,,0.0,0.1489202080658486,6.512251615524292
YES_OR_NO_QUERY-1692449448-0x713a207469746c653a204,0.05,0.0638879848295151,,0.0,0.013887984829515101,6.705925941467285
YES_OR_NO_QUERY-1690029529-0x713a207469746c653a204,0.15,0.0,,0.0,0.15,5.9009480476379395
YES_OR_NO_QUERY-1689998367-0x713a207469746c653a204,0.15,0.0,,0.0,0.15,5.875470876693726
YES_OR_NO_QUERY-1689707715-0x713a207469746c653a205,0.08,0.00039068368284,,0.0,0.07960931631716,6.223682403564453
YES_OR_NO_QUERY-1689074281-0x713a207469746c653a205,0.15,0.0225683049567747,,0.0,0.1274316950432253,8.321304082870483
YES_OR_NO_QUERY-1689071017-0x713a207469746c653a205,0.15,0.0223328486139116,,0.0,0.1276671513860884,8.375866651535034
YES_OR_NO_QUERY-1689050362-0x713a207469746c653a205,0.05,0.0,,0.0,0.05,5.728764533996582
YES_OR_NO_QUERY-1688062798-0x713a207469746c653a204,0.08,0.0,,0.0,0.08,6.262487411499023
YES_OR_NO_QUERY-1687467511-0x713a207469746c653a205,0.15,0.0136377702418815,,0.0,0.1363622297581185,6.979490041732788
YES_OR_NO_QUERY-1687461564-0x713a207469746c653a205,0.15,5.249848834880382e-06,,0.0,0.14999475015116512,6.9753522872924805
YES_OR_NO_QUERY-1686664214-0x713a207469746c653a205,0.02,0.0,,0.0,0.02,6.824235439300537
YES_OR_NO_QUERY-1686664111-0x713a207469746c653a205,0.02,0.0,,0.0,0.02,6.579631328582764
YES_OR_NO_QUERY-1686664001-0x713a207469746c653a205,0.02,0.0,,0.0,0.02,6.809956073760986
YES_OR_NO_QUERY-1686663923-0x713a207469746c653a205,0.02,0.0,,0.0,0.02,6.8811609745025635
YES_OR_NO_QUERY-1686660720-0x713a207469746c653a205,0.02,0.0,,0.0,0.02,6.387547969818115
YES_OR_NO_QUERY-1686660600-0x713a207469746c653a205,0.05,0.0,,0.0,0.05,6.481188058853149
YES_OR_NO_QUERY-1686660186-0x713a207469746c653a205,0.02,0.0,,0.0,0.02,6.509308576583862
YES_OR_NO_QUERY-1686660078-0x713a207469746c653a205,0.05,0.0,,0.0,0.05,9.218595743179321
YES_OR_NO_QUERY-1685015118-0x713a207469746c653a205,0.15,0.0435858604220447,,0.0,0.10641413957795529,7.963688373565674
YES_OR_NO_QUERY-1684969324-0x713a207469746c653a205,0.15,0.0686918595248276,,0.0,0.08130814047517239,8.019209146499634
YES_OR_NO_QUERY-1684895182-0x713a207469746c653a204,0.02,0.0026190379641549,,0.0,0.0173809620358451,7.358806133270264
YES_OR_NO_QUERY-1684714662-0x713a207469746c653a204,0.0,3.808026314361245e-05,,0.0,3.808026314361245e-05,6.036406755447388
YES_OR_NO_QUERY-1683810503-0x713a207469746c653a205,0.15,0.0,,0.0,0.15,8.097823143005371
YES_OR_NO_QUERY-1682571596-0x713a207469746c653a204,0.0,0.0023758211803473,,0.0,0.0023758211803473,5.847340106964111
YES_OR_NO_QUERY-1681846637-0x713a207469746c653a204,0.05,0.0335637434160474,,0.0,0.016436256583952605,7.269039869308472
YES_OR_NO_QUERY-1681435947-0x713a207469746c653a204,0.02,0.0,,0.0,0.02,7.515655040740967
Admin 192-1681318199-0x7469746c653a2041646d696e207,0.05,0.0,,0.0,0.05,6.875579118728638
YES_OR_NO_QUERY-1680992818-0x713a207469746c653a204,0.0,0.0,,0.0,0.0,5.461300611495972
YES_OR_NO_QUERY-1680474733-0x713a207469746c653a204,0.0,0.0394227694043724,,0.0,0.0394227694043724,5.404239654541016
YES_OR_NO_QUERY-1680226721-0x713a207469746c653a205,0.05,0.0002734542768462,,0.0,0.049726545723153805,7.143812417984009
YES_OR_NO_QUERY-1680226163-0x713a207469746c653a205,0.05,0.0002734542768462,,0.0,0.049726545723153805,6.415257930755615
YES_OR_NO_QUERY-1680225191-0x713a207469746c653a205,0.15,0.0002734530701836,,0.0,0.1497265469298164,6.627499103546143
YES_OR_NO_QUERY-1680219191-0x713a207469746c653a205,0.05,0.0002734542768462,,0.0,0.049726545723153805,7.243060350418091
YES_OR_NO_QUERY-1680218965-0x713a207469746c653a205,0.05,0.0002734542768462,,0.0,0.049726545723153805,6.360311508178711
YES_OR_NO_QUERY-1679579248-0x713a207469746c653a205,0.15,0.0002061145019109,,0.0,0.14979388549808909,8.752559661865234
YES_OR_NO_QUERY-1679508172-0x713a207469746c653a205,0.08,0.0002310101698876,,0.0,0.07976898983011241,6.4625468254089355
YES_OR_NO_QUERY-1678843959-0x713a207469746c653a204,0.0,0.0007096526365031,,0.0,0.0007096526365031,6.010638475418091
YES_OR_NO_QUERY-1678591726-0x713a207469746c653a204,0.0,0.0569986775137217,,0.0,0.0569986775137217,5.831224203109741
Admin 191-1678218335-0x7469746c653a2041646d696e207,0.02,0.0,,0.0,0.02,5.153615951538086
