condition_id,question,yes_token_id,volume,created_at,resolved_at,outcome_resolved,price_count,final_price,volatility_24h,resolution_jump,description
0x9de1590fe30a601152891443b8f82da07ecd9b073f67f152b7d3d1e1962c580a,Will Biden visit Saudi Arabia in 2023?,39353988329128956230844652264851839810517507103588563236857194500092822249830,19429.562613,2023-10-19T19:03:03.595Z,2023-12-31T00:00:00Z,,292.0,0.0445,0.0,,
0xfdaff905ddc313177e689b62773d44b5af9e2671d0c6ff0a02d6090b13a8b368,Will Saudi Arabia accept invitation to join BRICS?,13513812970423087654014136949302473995138781189202092937376030354457238631211,42686.89008,2023-10-19T20:33:44.308Z,2024-01-01T00:00:00Z,,315.0,0.92,0.0223627542687721,,
0x6ebd03b850e1dfe7334967105a6b340f4b85b4d8522de1e3f2f1708bc5f1b830,Will Sheikh Jassim buy Man United in 2023?,94584295817280752419809864994492325440684033046995411398124979384171052729610,9594.323334,2023-10-19T20:38:33.992Z,2023-12-31T00:00:00Z,,291.0,0.099,0.0,,
0x8af1e243e99401a20f33c1121a6e525e82f1cc446fe1006c698022bd52e3cb9d,Will crude oil hit $120 in 2023?,84582565297444596484943559837077238970881392602702085880548432290541632510235,11435.279009,2023-10-19T20:57:31.533Z,2023-12-29T00:00:00Z,,243.0,0.01,0.0,,
0x147976d8677f178fa31dfeb1be4d9e315270ed87921cedf140c499f16c13a3ce,Will Salah join a Saudi club next transfer window?,70902458640515070354214854353586830445846469936673462241774480096626582095282,7006.724953000001,2023-10-19T21:44:34.575Z,2024-01-31T00:00:00Z,,314.0,0.038,0.0,,
0xc17f720bf6477117abfcfd4662fb2a7e1ac5793fcda46bac51336d3fc4a38ca8,Venezuela oil production >1 million barrels/day by Q1 2024?,42299174863459316977412160328175758352164944806297728655036304803875590572859,8565.052235,2023-10-20T16:29:31.812Z,2024-03-31T00:00:00Z,,295.0,0.25,0.0,,
0xa0641f9e7027a182f1a3e107befe4de1f3cb8c7067f2babd2e1d2de215201545,Will Rafah border crossing open for humanitarian aid by Sunday?,41018030941156748683241331358089807475554194668081449630072165224428291846577,18670.0,2023-10-20T16:59:47.411Z,2023-10-22T00:00:00Z,,24.0,0.9995,0.1510283180255353,,
0xd2f207db7fa09ea0e712ba47cf02af562c22ea01a010bdec81289b7942a4b624,"ETH above $1,600 on Halloween?",26326735321929189353653950062471981314285068148906096783914956767839658117923,27180.484408,2023-10-20T18:17:49.049Z,2023-10-31T00:00:00Z,,245.0,0.985,0.0019625844704859,,
0xc3cb1629b405202f569fe920cefc87cd3860968027d37e7a7dc89acfb848385b,Will Israel launch a major ground offensive in Gaza by Sunday?,45156128382372719786586758030693253010743866246138040582283181946618808462396,33556.800657,2023-10-20T21:20:08.366Z,2023-10-22T00:00:00Z,,26.0,0.12,0.997412088341515,,
0x1393960b2896cafce3d7eeafc8b73c238e643848d50fa48288f7ce619968a58d,"Will BTC hit $40,000 by Halloween?",29569886584051158578917751180624404756073250440780985205173629046766510610833,18751.529297,2023-10-23T22:50:50.579Z,2023-10-31T00:00:00Z,,168.0,0.0115,0.0735117824168869,,
0x1d79444da1091b37fdcb0966c2b5c7cd3f85ea5001770e42520c5172c99ae6a9,"Will Apple announce M3 Chip at its ""Scary Fast"" event?",97722822161419126479865312188083894109069378025363649483865338107782651795721,25414.934094,2023-10-27T20:10:59.763Z,2023-10-30T00:00:00Z,,51.0,0.984,0.0025310044919054,,
0x5f24160a0842ddf321f00b42167f22faf261d922aa0ed5a533accc7dbc399e86,Will Hezbollah officially join the war by Nov 30?,50802337965109833529818728515555587080329468966416867322872980773691375039032,62496.140296,2023-10-30T15:46:43.711Z,2023-11-30T00:00:00Z,,8.0,0.0205,0.0,,
0xfd80c139c473c7a6059547da3aed40659a8a65345f45e917938e1d20b91d6ae6,Will US attack Iran by Nov 30?,72646533018820538331541159831283868374598111275530415310172833085902363219954,15237.064498,2023-10-30T16:28:03.629Z,2023-11-30T00:00:00Z,,7.0,0.01,0.0,,
0x80fb62ce52fd7832010a24f70715d53755a66400117a0ef08547b33291d73f38,LayerZero airdrop in 2023?,74180574891940211586540652408963663559079632808239698566399710384857667960547,611011.068924,2023-10-30T16:52:25.404Z,2023-12-31T00:00:00Z,,31.0,0.0065,0.0170103454359942,,
0x861f913cff5b6222afbe05664e325a973f02a8a725e0324715a83926e13c0a2f,Will 'The Marvels' gross more than $55 million domestically on its opening weekend?,6511921795530889529191232783368636925869461128203081252210153219207647586639,51739.056294,2023-10-30T17:36:47.465Z,2023-11-12T00:00:00Z,,292.0,0.0105,0.2839733150167606,,
0xea4307822c24d2b08915b3b3f15271d03169c456d7fc288cee7b28f47854c775,Will 'The Marvels' gross more than $75 million domestically on its opening weekend?,59643471512072109224751946993241556860127676320938207746704470218789808336631,27747.376565,2023-10-30T17:36:47.54Z,2023-11-12T00:00:00Z,,292.0,0.002,0.1101649387936267,,
0x2f3c25cb4817207df63a4e2c0eb5eba6a69a86242d52487f1126430a683cd33c,Will 'The Marvels' gross more than $65 million domestically on its opening weekend?,10831294196482012330011262728061271848749430596994144556936663937080147623675,31817.22975,2023-10-30T17:36:47.582Z,2023-11-12T00:00:00Z,,292.0,0.006,0.6335949039870569,,
0x77818fb3dae37c1e50ab5068867dca3792c9da9217fa7ab3205aaf3443fb8f96,Celestia token above $1 one week after airdrop?,18894863638685846342376530612952754733078556240381703946238335790766663203462,28917.953118,2023-10-30T19:47:52.059Z,2023-11-06T00:00:00Z,,147.0,0.9985,0.0001414832767127,,
0x15323956bf8ee1ea3926361437e3bf6b160790f7670eef8814c5217dba7820f5,Celestia token above $2 one week after airdrop?,102927579957937673596095042638939532114119148971657983346934029948579237195740,20376.259702,2023-10-30T19:47:52.102Z,2023-11-06T00:00:00Z,,147.0,0.92,0.0083583480684897,,
0x65e7aaa8a7369001c9a5092fc0ebeff10928dc6444325a7a848f606295f4f652,Celestia token above $5 one week after airdrop?,78266785613194200634089366866142127759114081756742958613221922178681252736572,12577.759177,2023-10-30T19:47:52.106Z,2023-11-06T00:00:00Z,,147.0,0.003,0.0291605921759902,,
0xc0197a5fc10a53d6c47e348b68a986c485ed416fd9cc7f00471a0d37908dfcb7,Will Swift + Kelce break up by end of NFL season?,90480495356011570015613895482966707325409989956506131502803068563103496491140,8388.809349,2023-10-30T21:39:52.035Z,2024-01-07T00:00:00Z,,194.0,0.0645,0.0,,
0xdac5c5e9609c888141a9b705deacce37e34cb699d888827ecdc7fcd9836c4a40,American aid to Israel by Nov 15?,50958141096770043186878102892855269340984345504272108618778043402485637453036,14971.537686,2023-11-01T17:29:13.667Z,2023-11-15T00:00:00Z,,313.0,0.005,0.1460468289218377,,
0x4813aaa9b250c0ad51230aa5b110fdf90c435880bf56b0494f8f99f9fea7aaf5,Will Hamas release 20+ hostages in a single day by Nov 15?,25726325933606911672053218503794054805920374865131163132444700784500841480217,19994.017847000003,2023-11-01T21:57:38.919Z,2023-11-15T00:00:00Z,,313.0,0.1,0.0792090319516257,,
0x09a8e23ecd58c1110936f957e356c80ccab479d1c915951e6a270c7553da95e1,Egypt accept >1k Gazan refugees by Nov 15?,67672399741766027089012791078201199895720927636531908653316706083055173388039,16517.427726,2023-11-01T22:07:57.378Z,2023-11-15T00:00:00Z,,313.0,0.025,0.1029110973767292,,
0xafcfab9acb25baa1d93d9d1e05efc8481243d6372c63cadc85a67d3fcc6240bc,Will 'The Marvels' gross more than $45 million domestically on its opening weekend?,18211959243010263699621709015482534983545300215226379950307502133971364955179,29963.945597,2023-11-03T16:53:31.465Z,2023-11-12T00:00:00Z,,198.0,0.725,0.0498836139937597,,
0x7f4f3962471f14be7619652ce074f8ed07937f37aeb3427338c183fbfa0ae4f2,Will Zelensky visit Israel by Nov 10?,98464697561122553186272172367805614350584012075827997071396846744641762598464,36877.653323,2023-11-03T17:15:29.02Z,2023-11-10T00:00:00Z,,150.0,0.0165,0.1041771333432549,,
0x2c315428b15ad8ec6a24e29520a332891d578e55814aa799bb981de8e34bbb5a,Temporary ceasefire for hostages deal by Nov 10?,24867519403627502027934823087964261630945279525752850267301555314508997313819,96111.744104,2023-11-03T19:16:59.953Z,2023-11-10T00:00:00Z,,148.0,0.0285,0.9859356808752294,,
0x7c3e89f5bee29b90496133b5122b1ca097c1dfb3c6fd0293fe0182b631447771,Will Ohio’s abortion referendum pass?,79707101737392554565886022755211581629320856899591460939305159193379120198115,58261.27546,2023-11-06T15:40:32.83Z,2023-11-07T00:00:00Z,,7.0,0.86,0.169779254720212,,
0x0845b2e50070ce4b4223816ff2faf757613a8fa91880a44ce0c7cf35d47dd143,Virginia State Legislature: Will Republicans gain full control?,30108111355654910545813615425954264846792566016934666016233444755664551535023,34679.543151000005,2023-11-06T16:18:45.783Z,2023-11-07T00:00:00Z,,6.0,0.235,0.2324789097705273,,
0x6bf71150e20dcea78e140bda46ce73da128c56c8c611313360af28443a671a44,Will ‘The Marvels’ have a bigger opening weekend than 'Morbius'?,2947652221178365120318634996482657862653393195737188452911004894697305430876,15345.246987,2023-11-06T17:30:37.23Z,2023-11-13T00:00:00Z,,149.0,0.9945,0.0023371725045778,,
0x9609a7f743b92d53e306b1309fc13ac44877acb8cc36de2e84b0963219c51f33,Will the Poloniex hacker return the stolen funds by Nov 17?,31968382485029759045924270794934975020984088748801464921112164105238797930589,34107.364609,2023-11-10T20:12:57.931Z,2023-11-17T00:00:00Z,,147.0,0.016,0.0937722869844655,,
0x5d50eeb80ef12e0be9f2b0990ee60bd0df5e88a77e08c992bb8c50ebfe4d60a7,Will Putin be reelected?,86213232338593327880925190898684232177943403874978044913506355380873844316836,384569.349864,2023-11-12T20:52:55.655Z,2024-03-17T00:00:00Z,,123.0,0.9945,0.0010383472409837,,
0xb9a94d946986a43351b7008a254b7459fb75dd2d7b2cff793f13bfc736c085fc,Iceland volcanic eruption by Nov 15?,33517711281644828731626427426938722364139940606911185806731957031177362388926,48285.661396,2023-11-13T16:11:24.825Z,2023-11-15T00:00:00Z,,31.0,0.1,0.1517231631872365,,
0xd04f11da24adf7fadc608a62f77ddb74608d744ce277f8374bdeea0789759350,Will 'The Hunger Games: The Ballad of Songbirds & Snakes' gross over $40m opening weekend?,79657035200797590673169971014615508207656788563099645563390791002211563893340,49348.05914,2023-11-13T21:28:22.715Z,2023-11-20T00:00:00Z,,144.0,0.9955,0.0056712599911081,,
0x9c13321431b07f2441faa596daf31aa06334a99fb7a35928ccd1b0e5ed2463ea,Will 'The Hunger Games: The Ballad of Songbirds & Snakes' gross over $50m opening weekend?,49053284954475629171182753960381166796243199888318234319290490781714115808206,43359.284907,2023-11-13T21:31:16.768Z,2023-11-20T00:00:00Z,,144.0,0.0045,0.3680005584387442,,
0x1988c462177d2cf9f8ce4fa524fc49ce2d66fc097ac3b8c34797cca6ed5d90df,Will SpaceX's Starship lift 500m from pad by Nov 19?,105879224342701999021497123746573863152097820118618505556098488411818737136536,16537.876578,2023-11-14T15:47:17.225Z,2023-11-19T00:00:00Z,,94.0,0.9995,0.1377673646075976,,
0x3e46100cc1f0f70da72ca4e115e8a6a6a74db7aa74529b7a4e12eec2391c9490,Will ‘The Hunger Games: The Ballad of Songbirds & Snakes’ have a bigger opening weekend than 'The Marvels'?,100042278469987609424145936984261415131928947997094829603280088730958671108068,9661.95299,2023-11-15T16:21:53.708Z,2023-11-20T00:00:00Z,,102.0,0.0335,0.5364975914765105,,
0xd4c4bb2b565b9d2c53af1f6a293be610e22bddfd477a91a5ea5aec0e695f597a,Will Javier Milei win by more than 5% in the 2023 Argentina Presidential election?,105279308939384316981518012155493575780381106405782161269763561218344930719735,57090.867017,2023-11-15T21:37:55.608Z,2023-11-18T00:00:00Z,,49.0,0.275,0.0118005368575179,,
0xa94b450334c9f8c61513d2ae4177ae9dffc5e79fa1be4cbdc8470acf3525a277,Will Sergio Massa win by more than 5% in the 2023 Argentina Presidential election?,37639870507083446584354296452418214996638945492870180048547410620480833086154,8536.782337999999,2023-11-15T21:37:55.635Z,2023-11-19T00:00:00Z,,72.0,0.145,0.3540852729671209,,
0x025b49124d903dc29466cc2a8be59ca7869bd1cb5d0dd58eefa08deec449d074,Will Hamas release 20+ hostages in a single day by Nov 30?,28570148208167005056531817287567608629194082843684461301377279040528324474401,59593.977977,2023-11-16T16:08:36.423Z,2023-11-30T00:00:00Z,,193.0,0.9995,0.0502123670170616,,
0x5abbde9c0c4e0844438d66f9f94ad548f6bf591086f3de7ae124215a6c8e3429,Iceland volcanic eruption by Nov 30?,14343641176146927859723075882267840792239587059609405327408008864240981166116,71412.14683700001,2023-11-16T16:46:50.555Z,2023-11-30T00:00:00Z,,318.0,0.089,0.2464825462009106,,
0x01c7e880fea5b89bd8be283c28d6ed5e3248e3b154f6db04511f7508f3fb4619,Will VVD win a plurality in the 2023 Dutch General Election?,58134449682182053108362315067341072962978736724179534498892985221080483410041,6012.777126999999,2023-11-16T23:13:03.267Z,2023-11-22T00:00:00Z,,100.0,0.285,0.1269499166983668,,
0xe91388a187a91c49c03e7bb2a5d9679d1d9fa1a5aafb8ad09c1ef82c7a053d01,Will PvdA-GL win a plurality in the 2023 Dutch General Election?,69762190900820019432200138770000961509646456446648261132817549902836921315807,11252.450635,2023-11-16T23:13:03.352Z,2023-11-22T00:00:00Z,,100.0,0.175,0.1623755264766062,,
0x0a240f35ab60000460db978695054ee26a7b6b58be4fc631a55e29a8c5379978,Will PVV win a plurality in the 2023 Dutch General Election?,35794161889025302851420741876705776802827302188473415977467282316308976655354,31040.068634,2023-11-17T16:44:46.214Z,2023-11-22T00:00:00Z,,100.0,0.4245,0.1361833082857655,,
0x5295d7e4d73297ba80a054239f8ca4fc2c422ede5d76f3378aa7922796a563e0,Sam Altman criminal charges by Nov 30?,63963414638907977684951398298882388483544114474943330822227182793491070992017,48795.749926,2023-11-17T21:11:41.006Z,2023-11-30T00:00:00Z,,290.0,0.003,0.0,,
0xf149589848cafb4e92142a774a5f05e0709201a9868f8acae49a9c571b61bf60,Was Sam Altman fired for sexually abusing his sister?,89156588444474562014436870896163927649197432625310437820017862719708716185155,31244.106826,2023-11-17T22:04:34.483Z,2023-11-30T00:00:00Z,,289.0,0.0045,0.0,,
0x442952f7083894eb391ad86e0a831f809c094b01fd741910b4d3dae4fe491936,Will Sam Altman join Grok by Dec 31?,85169643384807218423254780331785041908295801472182761428232060487458721123077,14431.393188000002,2023-11-18T00:02:05.811Z,2023-12-31T00:00:00Z,,311.0,0.072,0.0,,
0x17881f8ee0270d867b5a5eee8d82c87551c96e79ed9d2bd543964adba8b1217f,Was Sam Altman fired due to data leak / privacy issue?,8705736810200291501372453336619735332291173967914048106927043357084887484721,37391.747571,2023-11-18T00:46:34.886Z,2023-11-30T00:00:00Z,,286.0,0.016,0.0065846498461913,,
0xcdfd9ef04d24d29c841129a8bcfdf86384d889c31ce92086278bbc95fb2ac0f2,Sam Altman announces new company by Nov 24?,75889856607541425590695185427034619710446240399779130862247581045942912250157,58566.339433,2023-11-18T03:34:14.583Z,2023-11-24T00:00:00Z,,140.0,0.007,0.113345713563539,,
0x5cb1ca253af4482a6357c502e7b99e0240778f1750dddec7689ce90819e56ce5,Will Sam Altman sue OpenAI?,33143381944745647062001380774281835677328866534289839415456753247358065736351,25005.000699,2023-11-18T05:39:37.273Z,2023-12-31T00:00:00Z,,306.0,0.0005,0.0,,
0x7cff35ca88a85980e39c6b20ed13fbb0b8015df828fed4aea3263578fe80193f,Ilya still at OpenAI on Jan 1?,42635928877391811947563392164032022698721006383568306471595362188894006988125,49351.99332,2023-11-18T06:12:49.704Z,2024-01-01T00:00:00Z,,329.0,0.975,0.0,,
0x4972d9ba6bd2813cd16e307783f724bcf4924def73d02fc18045a57de133573b,Emmett Shear still CEO of OpenAI by end of week?,49894632823463761797502657991801837861916627817280250695113267344966603300871,85478.678301,2023-11-20T05:38:56.101Z,2023-11-26T00:00:00Z,,117.0,0.003,1.1304649846888832,,
0x3acbc30225e32c08f43fb22e56d526ce733dfad10a729b19704e1ecf061d8e9d,OpenAI board out by end of week?,72040178763615793126302106577109373965192725132571034438548344405015322685434,31047.954147,2023-11-20T16:00:06.091Z,2023-11-26T00:00:00Z,,127.0,0.003,0.1049200058657949,,
0x98c91622a84e9256fc31637ded91503a1fa24ee3be4c355401216d73a5065046,Over 500 OpenAI resignations this week?,2977566835809630916534727994806437780803181457384152118825330904827802340624,31479.095911000004,2023-11-20T21:25:33.934Z,2023-11-24T00:00:00Z,,74.0,0.0025,0.0974255554988962,,
0x1a50166fc040a6695efd5b760f0232a2b8102aaf91ca8382a2b1fb92794acd2e,Will OpenAI Merge with Anthropic in 2023?,3402156239826164410794254510461152459959086787066845531800901265603078795677,12373.810023,2023-11-21T05:34:31.431Z,2023-12-31T00:00:00Z,,234.0,0.006,0.0,,
0xc7d0ac9e3f86f4f075e7f1981672887df53dabe297be27af3a88dd297b1f7b71,Will 'Wish' gross over $55m over its 5-day opening weekend?,44274484735261980971039888447348570678322164730135515492592919029786580971757,114062.41934,2023-11-22T00:28:24.945Z,2023-11-27T00:00:00Z,,102.0,0.001,0.2982399014656924,,
0x158a8d2b445e7191071c5c73e62a9b8fc8942345c0bf20bf1d9684fa8b2d82e2,Will 'Napoleon' gross over $32.5m over its 5-day opening weekend?,40980943206355318666826319323446296361910983164612549723469745038591148978034,16683.438674,2023-11-22T00:28:25.028Z,2023-11-27T00:00:00Z,,102.0,0.505,0.1672922586898886,,
0xe4ab9172b85aaccc1fb147ee060a9ce8c00d14f3e5db9f6d2e8dafffb7bf1269,Sam Altman back on OpenAI board by Nov 30?,22464798572100309779497287971107089967401441499890716110748680464113464319769,15030.861264,2023-11-22T07:20:08.815Z,2023-11-30T00:00:00Z,,184.0,0.0135,0.0,,
0x38a7a98a8bba949946eac0db144567c50eb90302da0902b9b31c5c8d499898f3,Adam D'Angelo leaves OpenAI board by Nov 30?,81264496827835515506070084213028978647486354140439319357179849679846119897623,6435.4926,2023-11-22T07:32:33.019Z,2023-11-30T00:00:00Z,,183.0,0.017,0.0,,
0xe395a686f16495998a0910e53f9cf7781469f2af3edddecf84a754688fadbcc1,Blast airdrop by May?,80704946915326425584601723534455661647848409194431839777453725458744917919240,12364.700823,2023-11-22T16:42:16.6Z,2024-05-31T00:00:00Z,,247.0,0.0185,0.2330121479725832,,
0x3b2f21064327d4ba4b6d7281f0f2d18e19607243da78021955875d3201750680,Will the Blast bridge be exploited by end of February?,32496282642773945256849175588278538109923985064895607285941411670518842593177,161523.23640599998,2023-11-24T18:13:52.404Z,2024-02-28T00:00:00Z,,125.0,0.0145,0.0068041381743976,,
0x57081ef28afbfe5cd72f63bcae0152bf818a880a4efe9956cd0c44e340e29c6c,Will Josh Giddey's contract be terminated?,96142267866704078041830965525169914714891150800283988188478494919259194461634,44696.985923,2023-11-24T22:39:37.563Z,2023-12-07T00:00:00Z,,288.0,0.038,0.0136903965541316,,
0x2f0519a4a4694806f31f543e6a4d33ee2f7d0fc7591273b8504c9649a387c004,Respiratory illness surge in China declared a global pandemic by Feb 1?,90547208233327004011017903874113846425840566844019960149710767999069696744706,14394.401225,2023-11-25T19:03:34.075Z,2024-02-01T00:00:00Z,,172.0,0.0005,0.1944039478399347,,
0x2855ec5d0831e31ec65c2a3f690a3a80773988d1804e2fe8c77fbd574256a3eb,Will the Hamas x Israel ceasefire last 8 days?,86558644052446152295236675120635244533869089105451357365726262598705436921583,29952.34785,2023-11-26T18:29:53.011Z,2023-12-02T00:00:00Z,,109.0,0.0005,0.2502332664175442,,
0x08536d3d1a8d01ce275f8a807afc97208a90669a27c455a2cbd42dbab4abd5f9,American aid to Israel by Dec 31?,22740876478056133934571094452446747083126993320895166121644805295798489799682,46349.215288,2023-11-27T16:42:57.554Z,2023-12-31T00:00:00Z,,79.0,0.04,0.039573748820168,,
0xa3f3f94af3b2b0b39b39ca4442c3873e45b2ac4aa2ae221db1dfd69d448a4c11,CZ jail in 2023?,64748421146202564731442218561493519330950939531611737905732881668874382249308,11742.333869,2023-11-27T16:48:23.707Z,2023-12-31T00:00:00Z,,79.0,0.005,0.1337365089450586,,
0x83d54a5c731d481c19a036e79d61abf4494aca763df637ed24db463f1ace3b1a,Will an AI win the $5 million AI Math Olympiad Prize before August?,2203455953923331797698327579683895978785019589475114527677654437782753736667,275764.313144,2023-11-27T17:30:58.524Z,2024-08-01T00:00:00Z,,174.0,0.02,0.1209978469407854,,
0xeceb5cd0ff9f907ee97724dfd809e07f7c06362e0026d8630e315b8c443004bb,Will Israel launch a major ground offensive in South Gaza by Dec 8?,34156323518216468932522339566935281359904491396097395956821254694677184166202,66332.93611400001,2023-11-27T20:38:05.338Z,2023-12-08T00:00:00Z,,146.0,0.9965,0.014086198991315,,
0xd858c3d590f28a63a3c21663e8485577db1d7d229ab8bbb27fbcc78efe408ee6,Will Houthis seize another ship by December 8?,85497852144077378654188932591836576067129029158796814725317489104280620679949,6803.218086000001,2023-11-27T20:40:30.157Z,2023-12-08T00:00:00Z,,222.0,0.03,0.0927837023781507,,
0x6df4d39a9281b6939d18fd593554a1ebec569c3c8179ccb4f1bc1d6d39bf0ad2,Will the Hamas x Israel ceasefire last 10 days?,106245957729580260699942831449454402612804861725127172325585498063159798784899,9447.274628,2023-11-28T16:42:00.834Z,2023-12-04T00:00:00Z,,63.0,0.01,0.2324015417278942,,
0xd026d645acabc031d303a2f4bde8ce4c5a497675ed2db6b507d2640765b2eb52,Mark Cuban to announce presidential run by EOY?,107368199104889182186461261703583729064814635720063130116125693447106312698604,6998.017229,2023-11-29T15:11:23.343Z,2023-12-31T00:00:00Z,,32.0,0.027,0.0,,
0xe32b258020c4663576e22423fb9792932a44fd5986d5081bee13a7c7c684281e,Will ≥10% of Votes go to 3rd Party Candidates in the 2024 US Presidential Election?,75956420126626874801032742813528743283697670433142969169776824648939448809575,1078101.791095,2023-11-29T16:26:23.424Z,2024-11-05T00:00:00Z,,271.0,0.017,0.0547824715189414,,
0x28837374ef4cbe24f88a9920ccd47e0cbae7d36684c6e7cff8965af0159b7db2,Will OpenAI be for-profit by March?,94708560670401414119568376076001385689547453792742041753049545194576847682833,7489.035411,2023-11-29T16:37:17.767Z,2024-03-31T00:00:00Z,,55.0,0.0505,0.0,,
0x17bc51d12f13dbbec959d016af929788c66a82c223406eac4e2e8530a51f6295,Young Thug found guilty of racketeering?,114105286616877187867364817777554539276524853233843254800361821413175031925883,15281.99988,2023-11-29T17:21:41.773Z,2024-06-30T00:00:00Z,,78.0,0.505,0.0,,
0x0395f31e645768180a7d817cef1457e8b401ce60c3655827d0fc92212555adc2,Will Venezuela invade Guyana in 2023?,79825850340822463622366364206327713093118701413909106064834002545604710455457,68071.201002,2023-11-29T17:40:43.325Z,2023-12-31T00:00:00Z,,30.0,0.044,0.0147973323045245,,
0x90dfab5f3242299d176c682dd5c055e6b6cc3f9e81fa3eccc707df265dbff7e5,Will Shein IPO at a $90b valuation?,88656357696372913125084001877058757403296440646573406149718344363425859314242,7311.887402,2023-11-30T16:58:15.728Z,2024-06-29T12:00:00Z,,43.0,0.0425,0.0113402302906628,,
0x5ca6db3f9e050d0bb701f17493414419d78d77416a2ce19f6bfda8ca354ee2fc,Will Kraken IPO by June?,71591500442209525776652596431402678366355726049348183326767906760151176610830,21950.133071,2023-11-30T17:18:28.678Z,2024-06-30T00:00:00Z,,54.0,0.0145,0.0685511137632419,,
0xd52b2f6a6eecbbf797e44e7b376bf63a542786d39b71be0b9f075bd090e84af5,Will Circle IPO by June?,113999747702525884170456243582392609452377212120967762416396777279912215058580,200703.248948,2023-11-30T17:46:04.047Z,2024-06-30T00:00:00Z,,54.0,0.003,0.2109282834063292,,
0x3131318147433b10079e4aaf01eca793698f434741bd0ed43af73fd50286b520,LayerZero airdrop by April?,105326894443433364483920665141915694730379685449561855137994877831914527403595,139682.019306,2023-11-30T18:16:38.539Z,2024-04-30T12:00:00Z,,41.0,0.008,0.0322301281945154,,
0x2e2b896ee56c70cb3c481fd68b1c3038047a9919feb5d646fce1eba5f2635a57,zkSync airdrop by April?,26767296579776318222099320423011157853667786060082569349836937657698019468993,102611.70383,2023-11-30T18:19:20.471Z,2024-04-30T12:00:00Z,,41.0,0.0125,0.0888317285616414,,
0xeacc597e6c413020fd7dc655da789d0d8ab423b225479c8894386f5060c67081,Aleo airdrop by April?,18713729321044430819922291576203057242081647424024596226086111035851437832947,29950.982287,2023-11-30T20:12:47.631Z,2024-04-30T00:00:00Z,,27.0,0.0095,0.0,,
0x1cd10c97722cab039dfb6172f9aee90de3341b9a2bfbfed90014ea0d61a90011,EigenLayer airdrop by April?,79797378618555482928278179880943757260005755877538162641545000308661219524409,108133.396379,2023-11-30T20:13:46Z,2024-04-30T00:00:00Z,,27.0,0.01,1.419163456406368,,
0xb36886bb0cf7cede4fd57fedbbbf80342ec76921d567fa9958275c22e1df04bd,Bitcoin ETF approved by Jan 15?,98787006152320761811798607481686168525551752574583108841982899511109091268658,12622418.419238,2023-12-01T18:42:34.088Z,2024-01-15T00:00:00Z,,244.0,0.9945,0.0275341799491894,,
0x0bc614c4fc8a19f63c46fd7f5b270704c3286f0e436e8b02591166f220544e14,OpenSea token >1 billion a week after launch?,44163286845173310190449640356655412603732483959961729651097984470293410575983,2444775.94761701,2023-12-02T03:22:54.294Z,2024-12-31T00:00:00Z,,116.0,0.505,0.0114971158008168,,
0xc441754b91b1874be0d48f6c37f82c067ffe64dcf95cfd0108f857914867ece4,OpenSea token by May 1?,6757904932461823772375281468332517215952918948994128000523473365629027709537,10763.686362,2023-12-02T03:28:31.256Z,2024-05-01T00:00:00Z,,20.0,0.4945,0.0,,
0xf5696d8eb7ee5bb4fdd58465f502c8962c8972a4de4d64077662b41e658d2401,OpenSea token announcement in 2024?,72295326721853467109679117688186901548937976776496495029995932391850256603708,338289.914265,2023-12-02T04:17:20.518Z,2024-12-31T12:00:00Z,,127.0,0.008,0.1584553834787639,,
0x6563fa3ece5dea4149f12e6cfed286b8c51f87d1a0da9f6c4941700221a250f5,Will the GTA 6 trailer get >600m views on day 1?,13292266958180902126838397114913287341221462034470642288028674229687664582232,119284.056301,2023-12-04T16:58:13.301Z,2023-12-12T00:00:00Z,,32.0,0.0005,0.4506705511476178,,
0x8e8984ec3e5914253822f4abb73243dfd97ee3a62779e3517ee2df8e3f5a0a9d,Will DPP (民進黨) win a majority in the 2024 Taiwanese General Election?,88738395694969043085039668997961705691721351427427228171470921669684650489215,36884.27063,2023-12-04T23:16:43.18Z,2024-01-13T00:00:00Z,,215.0,0.16,0.1371056542709381,,
0x16d35745461c1bade1ce84569a36b48e445df61619bf93c76b2c29a9df741e99,$JTO above $2 one week after launch?,8808049142054034980093302974632010431040491118094231583329116062974853102165,20586.643672,2023-12-07T18:56:59.922Z,2023-12-15T00:00:00Z,,167.0,0.9995,0.0040166037576208,,
0xf2d1d700f2ab226c27bf44e2e788bdce4c86bd7a8db2567686990306a84ced02,Will Israel start flooding Hamas tunnels by December 15?,111429594015421634374914768354622457332093436055048114226378576097635314987302,33645.904627,2023-12-08T19:28:49.089Z,2023-12-15T00:00:00Z,,101.0,0.989,2.321684495908553,,
0x49abede64b8f6969f3dbd331fd469716bfa02657f270c160d5a569a5109de8a4,Will Kanye release ‘Vultures’ by Friday?,64024321495880099874160902376261053535669362376795821088567637215581029204435,26352.59921,2023-12-11T16:54:01.077Z,2023-12-15T00:00:00Z,,78.0,0.24,0.0977457163706967,,
0x16b980734b12ff830e8a305da44ba75fe742b6c8695b7a6c8f5d514e472185af,Will 'Wonka' gross over $35m over its opening weekend?,38675281210286767854893441120910829273439474475738285239669550041462896725080,15148.737574,2023-12-11T19:51:00.991Z,2023-12-17T00:00:00Z,,120.0,0.96,0.0519839831689665,,
0x2ffcb33724226952e3c4e43f84306ecf00e70d43b2e6e199e1ed3ff3b36f2624,Will Hamas release any more hostages by Jan 15?,50459470381656162000454691247920927581810985796849183922896166896454837322935,36146.716061,2023-12-13T17:54:32.475Z,2024-01-15T00:00:00Z,,54.0,0.0185,0.2537774152622452,,
0x07867fd56d2c43fb90949cad08fe97050f304201d56d9c1803a32a968629083c,Will Haley win the Iowa Caucus?,11098165251548220836206849330319872627785507203131079700219826653355395109035,10040.212322,2023-12-13T19:40:31.374Z,2024-01-15T00:00:00Z,,52.0,0.03,3.21210339068212,,
0xbd8e261857c2867751220efc21e64528d18521515949f88708057042385bba85,Ethereum spot ETF approved by Mar 31?,20409823440890580991858740982830079400388545011128140417359184672851498226541,58238.260846,2023-12-18T17:27:02.254Z,2024-03-31T00:00:00Z,,318.0,0.0065,0.0,,
0xa81f535a21c9fc890b335131ad726476605c563ad6b9a096568a0556db26987a,Fed rate cut by March 20?,86577631964209970355247434978939435137296875644728113536842755166462163656779,1907759.255828,2023-12-18T17:45:29.991Z,2024-03-20T00:00:00Z,,54.0,0.011,0.1376464430417095,,
0x63bed5f1647d546a8b200831cdfd32bcc4f1b5af460816202bafa52b75fb3cdf,Detroit Pistons longest single-season losing streak in NBA history (>26 games)?,101946271072267816042068166822314934901602162439385277015386832231136526646189,58603.796075,2023-12-18T18:11:15.355Z,2023-12-26T00:00:00Z,,173.0,0.695,0.0080239772950522,,
0x1a0828d61b8246d8b013515ca0732af77440edd3189b9d7040978e7d17e2ca6f,Will Sweden join NATO by January 31?,16016746062774617132921262485874345117466164487628071170343771267392172484631,44563.582994,2023-12-18T18:15:36.232Z,2024-01-31T00:00:00Z,,317.0,0.002,0.0,,
0xb416e130f5b2ef1891d7cdb24c84dafcfd566933bca176fe6fad5b548eb9a7b2,Will Maersk resume shipping through Red Sea by end of 2023?,67027921199447218357765524526200407914894683149222077900784901257844827527338,9036.557187,2023-12-18T19:07:29.729Z,2023-12-31T00:00:00Z,,225.0,0.945,0.0482119228829099,,
0x26f54f65d8720f8b5ff683fdf0b5a5e4fd56edbc87dc7692b4ad4d2f62ee5453,Saudi Arabia and Yemeni Houthis peace deal by end of 2023?,103750979508894676178196640411388530519603594685290545863760060824019752065414,11149.731406,2023-12-19T17:39:35.756Z,2023-12-31T00:00:00Z,,268.0,0.13,0.048889538894314,,
0x1222b4eac2e3e587bb4f1db239bcfa8a63a4d90f759fb80846cecc249826f867,Confederate Memorial at Arlington Cemetery removed by Jan 1?,97942203423079633873920667362934644762636944359440352844202686246720550477,9102.566164,2023-12-19T18:43:37.939Z,2024-01-01T00:00:00Z,,127.0,0.971,0.0018141668142643,,
0x41d097dd0404f9ced7bbedbe09aa06e961ac339350a67cc7a563826e2f8a9010,Will another state court disqualify Trump from ballot by Jan 31?,98054935902933854203541114472015105919513791871664323994589238654804413994455,85276.738916,2023-12-20T01:31:05.635Z,2024-01-31T00:00:00Z,,286.0,0.013,0.0409150733517635,,
0xfd6bafc2a62c6ba0f7ff215582b3f47e7136654398bb01b1062a9f2ff58ce907,Will Trump be Speaker by Mar 1?,88401378573929359698154076664685597526486636646066518780661072942311023884392,94761.79257,2023-12-20T01:41:17.488Z,2024-03-01T00:00:00Z,,286.0,0.0025,1.2282712483896856,,
0x96e0b29c1b203c0a49a7362556027e7d2788d9d09cb00f7943e0ba078d2e1b4c,Do Kwon extradited before March?,6971766248487296356596084686458087950664835369297952869673113395600334318936,9076.055319,2023-12-20T17:43:50.008Z,2024-02-29T00:00:00Z,,246.0,0.115,0.1476019237908725,,
0xd35200db747488aff7648d5a85e22c6975e8e6dcc9867241fe90940fb05cb098,Will the Epstein documents name any sitting US congressman?,16611091586313871240492190975497187236887380923974937519353231960189080594854,10606.959658,2023-12-20T17:59:52.927Z,2024-02-29T00:00:00Z,,246.0,0.027,0.797939840452096,,
0x5a11158a698503575c01d84688a97b158df5889af0b8890c8944f7a16358e9b2,Will the Epstein documents name Bill Gates?,20410059042469001417749848590056282260616541795135147380914850480619216147459,25268.943269,2023-12-20T18:06:31.1Z,2024-02-29T00:00:00Z,,245.0,0.005,2.177751113242578,,
0x58d2848a45ca2b338634b620eaac3da353c92e65018aa9f182da5e11511b3a8c,Will the Epstein documents name Elon Musk?,61143575252203791560330719920560298594324600198277444610964505448015655388138,14125.669299,2023-12-20T19:41:19.957Z,2024-02-29T00:00:00Z,,244.0,0.044,3.4703106493313784,,
0x6aab6e597eb83a589b63141977bcff8c0098cc73bff9b1074d325314dfc72c3b,Will 'The Color Purple' gross over $15m on Christmas Day?,14671559212665911646018932787205896108871725141795696079545834119730366544221,29089.660708000003,2023-12-21T20:27:33.949Z,2023-12-26T00:00:00Z,,79.0,0.755,0.0221136308255914,,
0xfbd2397191514c45e494b7d30b9b3f3fb96dbade3b1529b5f6fdead07adbe241,Will 'The Color Purple' gross over $20m on Christmas Day?,1288398407857942672429937248820977974948706583085819589958800914113716398112,16216.247231,2023-12-21T20:27:34.038Z,2023-12-26T00:00:00Z,,79.0,0.385,0.0123557286206213,,
0x3aacd25625f8dbf5bc0407d622067c2eb5706937a25cdba448f12aea6f38a2c3,Fed rate cut by January 31?,96773553599410207941831696002112734445704248629985632840504836213815480091004,413985.133663,2023-12-21T22:42:22.068Z,2024-01-31T00:00:00Z,,241.0,0.0155,0.1573903201775422,,
0xe90c6c1ba6799385cae12b6748d2fe9e3cd4922be66798e94ae8515fd3bd859d,CZ jail before March?,60174076937390905552690608692814350015122558555297688802719141554197263362452,382872.442652,2023-12-26T17:17:09.748Z,2024-02-29T00:00:00Z,,102.0,0.0025,0.0583211843519804,,
0x36ba60d18ab5be0e82413d57458f8ea93bfe349e9d3ed6369d3202e3b3a2b6c4,Ayatollah Khamenei still in power in Iran by June 30?,91119354245104218126505001068971531451873416681861641003878602246198316695452,33781.576273,2023-12-26T17:23:35.962Z,2024-06-30T00:00:00Z,,150.0,0.9545,0.0011788855822931,,
0x250e109b00760ba0b569e11d90c813a7b45ad36e56e1c73ceed9430d4688b1a7,TikTok banned in the US by June 30?,68871349789970346676060270191214803904928371019437843139511505269955746836399,284782.156421,2023-12-26T17:59:38.928Z,2024-06-29T00:00:00Z,,126.0,0.0085,0.0168705846139731,,
0x27a8e6777f5b3e6daf7395f00d542fd37f79d8b183495287773df1091d429bbd,Will Pope Francis remain Pope through June 30?,61451677796050976327060874135115189649081978294265892776058889459955784959340,5370.449307,2023-12-26T18:26:08.987Z,2024-06-30T00:00:00Z,,149.0,0.95,0.0,,
0x430fd0b3a028045d02d8f1ffde1de9d5cbf7540cbcfee3fe75683e189e7d5422,Will the US confirm that aliens exist by June?,112459125321024596150437266837931297908395265744381084234836872104429286844731,45911.140653,2023-12-26T18:29:04.069Z,2024-06-30T00:00:00Z,,149.0,0.007,0.1361714841950785,,
0x67568e4734d16c8efaeab2c7b2a290166e87ded625616982434453365ff57e4a,"Will BTC hit $50,000 by Jan 31?",14171526779764463193414954009477097681489642783236590429789737198044761850600,878477.5241980001,2023-12-26T18:47:03.911Z,2024-01-31T00:00:00Z,,125.0,0.0065,0.0429667447228572,,
0x636b389a6f5a5ff04a1e855b0d11b39232df4730a70e91656d660e73ce36cd2b,Will SOL outperform ETH in January?,93341677996693629988104529015788571652885981340960152890931042029046792748612,21682.907924,2023-12-26T19:18:47.527Z,2024-01-31T00:00:00Z,,124.0,0.375,0.150934092720596,,
0xed5a9a76ee58dac4c7998714e08a2f4a25adb3ad5231469f9769057bc25d15b8,Jupiter airdrop by Jan 31?,92113925275021500890587111767660891636240271872852325508993207042320559074877,12036.373185,2023-12-26T19:24:50.103Z,2024-01-31T00:00:00Z,,124.0,0.91,0.0052458537542996,,
0xcf38846303ea135e2c8e5b7905ad54b1787a0f7ce49f4eff719a7499b1a1d28e,"Will Joe Biden be President of the United States on April 1, 2024?",88279039273849083893971356128309865400562526304126522270330609256045244793350,17900.943901,2023-12-26T20:23:30.188Z,2024-04-01T00:00:00Z,,147.0,0.9955,0.0,,
0xd192dcf13d2237d6d203937b004839719b1d9036140d4a7686401c8e44610053,“All I want for Christmas is You” #1 on Billboard Hot 100 first week of 2024?,64326722775042165157384871272644977312794661011409421288816646710291433353590,97476.012551,2023-12-26T21:01:25.927Z,2024-01-06T00:00:00Z,,155.0,0.0005,0.4785251149799929,,
0xfc36388f4585d00adb7fba8f4ff249616a847ea6de7dde89269b9ecb9756d9c4,Will Ye say something antisemitic before February?,100198097737224138478250936898791788118765794914345959956355755224628311021232,74954.88234000001,2023-12-26T22:06:24.729Z,2024-01-31T00:00:00Z,,121.0,0.008,0.0291605921759901,,
0xbc3553ba6ce5afb4f10ced16b380c87ef3a25da0c5aea61060c563a4a1703f11,Will SpaceX's Starship launch before March?,49610402264187757796011239157652302173976898131925034689284237340139731321206,110285.054191,2023-12-27T16:26:55.328Z,2024-02-29T00:00:00Z,,79.0,0.004,0.2051979884561808,,
0xf03e4405cf742898c952138e47066933043dfd2ee8b4178a07ff3cf78a9a4637,Will Google announce 1000+ new layoffs before February?,43182946315927044022918695724221090043975792878631025045067457468344404344217,25372.899371,2023-12-27T17:51:39.259Z,2024-01-31T00:00:00Z,,102.0,0.892,0.0084432180805851,,
0x9fd4c3f234a060a24a19e1a9ed1b5b5be7061f529bf6f5ac93358b3815361163,Will Ukraine receive F-16s by end of January?,85351568937327089108341395613973795437362415610424446987697619942244023210925,22396.426168,2023-12-27T17:56:35.848Z,2024-01-31T00:00:00Z,,102.0,0.05,0.0,,
0x530268b3870992515e5e4161c9fe91621db19db2e039f621066f3621bcb33ad9,$BONK all time high before February?,98193568227711595122372192588336226587576218845298060794053004594934650476737,7847.389625,2023-12-27T18:41:50.895Z,2024-01-31T00:00:00Z,,101.0,0.0205,0.0048600986959983,,
0xc75ce8f4c83b6b5916a4dfbc0d8d96847ad6d86e3262a12e70a6f55e0d9b25d4,Hamas lose power in Gaza before February?,95577631544298202792999152213340272106857302250588429760823532054585435869773,731344.6593909999,2023-12-27T19:22:54.864Z,2024-01-31T00:00:00Z,,100.0,0.62,0.1741249936995668,,
0xba6d68cd6af61464c493279c4948a5d7c577dc28574c5714680caeec0f98408c,Another Ledger leak/exploit by Mar 31?,105849854571614228454945946497428215415010130527897501071484004521752731669694,59540.343013,2023-12-27T20:02:16.554Z,2024-03-31T00:00:00Z,,99.0,0.0125,0.0,,
0x2cabbcedc4791d24fd6694a399116dd409bce1001ae6d2fec926cad50ad55f37,$Bitcoin (Hpos10i) all time high by Jan 31?,99547519694720374931094784757319895374764156198442628317736377210445766892483,6242.035083,2023-12-28T18:55:52.18Z,2024-01-31T00:00:00Z,,77.0,0.145,0.0,,
0x79e16edd9e841ae6546f138d5487360040bfaff0ac74e40fc04ce3dd618a3406,$SPX6900 all time high by Jan 31?,100515740736027841128050698683475178312172927124071533940346950615155849607923,12194.012,2023-12-28T19:02:14.838Z,2024-01-31T00:00:00Z,,76.0,0.4845,0.0,,
0x97726dd237b1b26d510609bd1a561075e87accbf99b68edfd56fb5c09d51b751,Netanyahu out by June 30?,8986956157397187181893971320770861601102680777226803294876146896471166191570,340320.87798,2023-12-28T19:23:15.983Z,2024-06-30T00:00:00Z,,100.0,0.011,0.14925611631171,,
0xd778a599be6e75870bfdade7a332f988000927d0eec28d1aa98caa6abfeb6347,"Will a nuclear weapon detonate by June 30, 2024?",84656039168380657740406517113280472793940909375885726855364639702029010958562,90600.632479,2023-12-28T21:38:27.789Z,2024-06-30T00:00:00Z,,98.0,0.01,0.2505630597544597,,
0xd3618a6314e3e50b4e6b5c9f06f2873f2a41570b6bb3fb4aef5995ed93bccef7,SOL/ETH new high by Jan 31?,32491489359781061157190050838959495784761814704540602309033375442277700652924,8150.006745000001,2023-12-28T22:01:17.463Z,2024-01-31T00:00:00Z,,73.0,0.121,0.0478012238834269,,
0x02bb794cff1a348f415d63ce463658ce7da4622919462d6f7a0066d19f93ff35,North Korea nuke by March 31?,23946594257411663152329284787436595730286413893712385220042460764637058631498,151137.530168,2023-12-28T22:11:58.384Z,2024-03-31T00:00:00Z,,73.0,0.004,0.0,,
0x9203518d9e229d65d4222d1a6b4ae99ea167abadcfb3d11bb50603428dfc7554,OpenAI settlement with NYT by end of 2024?,96937810338362097614741657517268729837129429712920385069363769157847960753005,21957.5706950001,2023-12-29T01:00:58.753Z,2024-12-31T00:00:00Z,,190.0,0.0045,1.085906882125883,,
0xca916ca5109af7f07fc66594da7d112925db4500d7c912813e46634137c6dac1,OpenAI settlement with NYT by March?,81429819484036632244030154923882471963200678125059261296375700701969932938736,17234.785331,2023-12-29T15:42:35.838Z,2024-03-31T00:00:00Z,,56.0,0.0195,0.0,,
0x22caacc7d06c1c6450a8679ea9702b1a9b5dce096f43b9474be8ad1dc4cbf72e,NYT drop OpenAI case by March?,81081672655039082202012841080539291881651630896550951774123492476340385666497,9851.308013,2023-12-29T15:49:30.631Z,2024-03-31T00:00:00Z,,56.0,0.04,0.0,,
0x5c81fef89460b5f8ae62751788b18c38871f647f51683a527e87810f0ee99016,Will a world leader shit themselves before March?,112635157662480633846337725453638824791438087706980725997021775520583010216761,5782.883598,2023-12-29T16:16:38.31Z,2024-02-29T00:00:00Z,,31.0,0.0145,0.0,,
0xeb7ee36692138a51e9acea81abe0cb5b54226cd1d0ef0acbb99dc0d79185fd8e,Will Trump say a racial slur before February?,94142222950115687243503296461588639581304497215554470523901990777910468150410,26898.264252,2023-12-29T16:19:51.525Z,2024-01-31T00:00:00Z,,55.0,0.006,0.0,,
0x811c4c491135513ff842944647067a8ae82c530b85efcbbe83075d460d9d8a3a,Will Iran officially join the war before February?,12182886161489035529349527056688066348805079140441162336286704103872050917329,63916.605699,2023-12-29T16:40:07.325Z,2024-01-31T00:00:00Z,,55.0,0.0105,0.0,,
0xd2d4628c6119f20763ac855b54db1fbb408b518d81bbed249bf5b09fb72f4537,OpenAI announces it has achieved AGI in 2024?,105850438828614884452197310938430279698886324164735312931762902384271674871323,907184.582664996,2023-12-29T20:26:11.396Z,2024-12-31T00:00:00Z,,171.0,0.0025,0.240213756152793,,
0x9d7ca1d7a143821608dc80cb41e6f01855bed9508c85cf9d9e49937bd04abb9f,Will Trump appear on Maine primary ballot?,104406930827040581306227717794754054274594069384981420824675657167574037404900,121016.42670399998,2023-12-29T22:24:02.046Z,2024-03-05T00:00:00Z,,145.0,0.9955,0.0004326626241817,,
0x01a9eea306780839c5cf9a15a572a438c23af6c49b57f67e8a379f5e48e0e4f8,Joe Biden impeached before 2024 election?,75955614077910094300452138293023370533365022621611366627435700504860612163857,5200115.16063,2024-01-02T23:13:16.841Z,2024-11-05T00:00:00Z,,168.0,0.0025,0.3581177027876721,,
0xa8678423de479a05214b1ad43d3dbf91641ea0433271452e6c9d9788d06fd3de,Will Maersk resume shipping through Red Sea by Jan 15?,57556930285071507936942669694908634103421097627491313002152467615645933517716,23560.320361,2024-01-03T16:35:53.799Z,2024-01-15T00:00:00Z,,270.0,0.0205,0.0846745834499759,,
0x715a00736b0e47286256eed499755204dc6750942c262ef79624579b4dfa04a1,Meissner effect confirmed near room temperature?,58333612186247083132125714341923520741421488699135825278988315483174140024099,421132.565205,2024-01-03T17:06:14.264Z,2024-12-31T00:00:00Z,,54.0,0.0015,0.0,,
0x331a0ad79408a5616512bbeace6e277452146d121d6a0886ee26fe56071b650e,Bill Clinton arrested by Jan 10?,19616634444013940301477739963798763165926357861169683201326814606590327727019,5432.709997,2024-01-04T00:27:55.183Z,2024-01-10T00:00:00Z,,142.0,0.0015,40.64293260844367,,
0xdd22472e552920b8438158ea7238bfadfa4f736aa4cee91a6b86c39ead110917,Will Donald Trump win the 2024 US Presidential Election?,21742633143463906290569050155826241533067272736897614950488156847949938836455,1531479284.504353,2024-01-04T17:33:51.332Z,2024-11-05T12:00:00Z,,138.0,0.6275,0.0202356691310009,,
0x14018049e265a2d88f284be9588e2e3542e3a3df08ccdb344d28355dd7fdd8ef,Will Joe Biden win the 2024 US Presidential Election?,88027839609243624193415614179328679602612916497045596227438675518749602824929,72176112.338298,2024-01-04T17:35:40.9Z,2024-11-05T12:00:00Z,,138.0,0.0005,0.0,,
0xced9f9d90c94db9f1e1dbd7d9fba82fe4fa7431c0d4e91e28896c8ac2d6acadd,Will Nikki Haley win the 2024 US Presidential Election?,19083349462791593334532840548890602187185739923311385087650426802477691161360,107529158.083605,2024-01-04T17:36:47.96Z,2024-11-05T00:00:00Z,,126.0,0.0005,0.0,,
0x40bbdd26dc08406eedcb913efee7f7faddf50e16fc21caedb4972d57fd71e0d1,Will Gavin Newsom win the 2024 US Presidential Election?,99200347365169760700385453164878188504479548439905371494493482364634358863823,54161276.228088,2024-01-04T17:37:48.563Z,2024-11-05T00:00:00Z,,126.0,0.0005,0.0,,
0x7da35195ac3c7bf167f88ab0c27067a99020e36de67d39968b71d9debcdd925e,Will Robert F. Kennedy Jr. win the 2024 US Presidential Election?,75551890681049796405776295654438099776333571510662809052054780589218524237663,141605110.748029,2024-01-04T17:39:07.759Z,2024-11-04T12:00:00Z,,114.0,0.0005,0.0,,
0xad6d309aaa500d96855996e84da00dfb2379548a693ca684d0877cf94fec05d1,Will Ron DeSantis win the 2024 US Presidential Election?,54541905023211985194827443687227462634594584372996482268933020846517872533280,46309049.202369,2024-01-04T17:39:50.077Z,2024-11-05T12:00:00Z,,138.0,0.0005,0.0,,
0xc6485bb7ea46d7bb89beb9c91e7572ecfc72a6273789496f78bc5e989e4d1638,Will Kamala Harris win the 2024 US Presidential Election?,69236923620077691027083946871148646972011131466059644796654161903044970987404,1037039118.18879,2024-01-04T17:40:17.792Z,2024-11-04T12:00:00Z,,114.0,0.4225,0.0190501392088207,,
0x696baf880832d000a37ea87cc94235b1ac58e7e9fe7a144ccf5d141877629134,Will Vivek Ramaswamy win the 2024 US Presidential Election?,71118168890902402346450607953977430866499056452499149647300109878547888435163,21181731.472915,2024-01-04T17:40:59.956Z,2024-11-05T00:00:00Z,,126.0,0.0005,0.0,,
0x5605bc5d7557217f5ebb00d00f639ac8b9da949016b8cabcd7e9183ea1cac060,Trump in jail before election day?,114220513448460498153657420056598290729581090786521475782612615559931508520215,2618980.000447,2024-01-05T16:35:51.889Z,2024-11-04T12:00:00Z,,91.0,0.005,0.2446763661573358,,
0x079fd5cd4c762657700526c9c8066445c71be8277ff4978662905dcb3b9fda58,Will the San Francisco 49ers win Super Bowl LVIII?,64955247988143243312632765692150787746098735228034515224189452858757703266942,284791.831444,2024-01-05T18:27:46.325Z,2024-02-10T00:00:00Z,,125.0,0.5415,0.0015821396901116,,
0x230144e34a84dfd0ebdc6de7fde37780e28154f6f84dd8880c7f0e58d302d448,Will Michelle Obama win the 2024 US Presidential Election?,97508453625137094121006941885029334584603955750917059456402541591996493525667,153382275.618594,2024-01-05T20:53:17.668Z,2024-11-05T00:00:00Z,,99.0,0.0005,0.0,,
0x63634b4e14297a748923f86dca4fa0c6c659db0f5fadeeb8e419e48e20759c34,Will Hillary Clinton win the 2024 US Presidential Election?,79316691944049488812500733050438507204613781002222375264046442941003895009475,93307167.686999,2024-01-05T20:53:17.733Z,2024-11-05T00:00:00Z,,99.0,0.0005,0.0,,
0x0fd9ad6db40be7a9739483aec9d54dc37b2c88f30eeea9ab5491bb0823d0f792,Will the Kansas City Chiefs win Super Bowl LVIII?,55877311431823645153390591351288018862446307510133783851927694917217495842921,426345.79975,2024-01-06T02:35:26.198Z,2024-02-10T00:00:00Z,,117.0,0.4645,0.0003043988982085,,
0xf6106065ec5d5dae7eca350be64e5246ae331b35937ea55b64152f65fbc0b37f,Will Chris Christie win the 2024 US Presidential Election?,27312896015258311102305871640185491718068302146240154758497460598552961305988,14192736.345,2024-01-06T19:28:37.815Z,2024-11-05T00:00:00Z,,76.0,0.0005,0.0,,
0xd1cce1f51effdf3957144fdc87b5e8aace1d1f7ab21976a046b71744ecad8443,Will AOC win the 2024 US Presidential Election?,6238317280296426865475638559260472448644617115418089359113344407432348159324,22011560.654836,2024-01-06T19:28:37.87Z,2024-11-05T12:00:00Z,,88.0,0.0005,0.0,,
0x3120827dc12167d09fd9f08233e2b540054a2ed90aad65c023bc1da9d38b29d9,Will Elizabeth Warren win the 2024 US Presidential Election?,6025348680810459235592257487856478394037580571221769223427710907585587056389,14714813.728,2024-01-06T19:32:19.994Z,2024-11-05T00:00:00Z,,76.0,0.0005,0.0,,
0x08f5fe8d0d29c08a96f0bc3dfb52f50e0caf470d94d133d95d38fa6c847e0925,Will Bernie Sanders win the 2024 US Presidential Election?,95128817762909535143571435260705470642391662537976312011260538371392879420759,9829356.367,2024-01-06T19:32:20.052Z,2024-11-05T00:00:00Z,,76.0,0.0005,0.0,,
0xb92f22143e7b48609a82573fa8197dc73683a15acb467b0f51ee63da7e3f520b,Will any other Democratic Politician win the 2024 US Presidential Election?,74706296939809671893768905246606398708802232875822379413753245164957842209130,116558196.386525,2024-01-06T19:52:35.348Z,2024-11-05T00:00:00Z,,76.0,0.0005,0.0,,
0x55c551896c10a74861f2fd88b4f928694310114704cc74b29b9760d1156cade6,Will any other Republican Politician win the 2024 US Presidential Election?,87935798830831555521299232238121934560977823768906296045917813721531790174443,241655099.850067,2024-01-06T19:52:35.394Z,2024-11-05T00:00:00Z,,76.0,0.0005,0.0,,
0x73ac4c1e5be0a89685328c9f5b833d828ffd62dfa07ceaf8536edbc43aa5f51e,Will Kanye West win the 2024 US Presidential Election?,48285207411891694847413807268670593735244327770017422161322089036370055854362,9203011.891998,2024-01-06T19:57:16.19Z,2024-11-05T00:00:00Z,,76.0,0.0005,0.0,,
0x2073651de484121bddaf813852fef10999f1ed861576d6e82ff4c7f0328d1429,SEC approves first spot Bitcoin ETF on Jan 10?,17723060028706211434353196815974529233235154894595948093265217171930153234260,957594.506135,2024-01-08T18:19:39.74Z,2024-01-10T00:00:00Z,,25.0,0.66,0.1942732632445176,,
0x197e52016126cccca59fd9f30ec9bbaf4e74627b2c6ff9e442898396bd19fca1,SEC to NOT approve spot Bitcoin ETF by Jan 10?,17215083304929153271500177791059585658696184702468683764206974446986737932399,121228.220101,2024-01-08T18:19:39.742Z,2024-01-10T00:00:00Z,,25.0,0.51,0.5715520643464037,,
0x664886144f47a74f32ec1e030345d25b3865ecd0c39427dac77490e2cbe196c9,Will Haley place 2nd in the 2024 Iowa Caucus?,64878107796426455924522569428784439634643581180802305016316139710964038833720,358510.966317,2024-01-08T19:14:04.794Z,2024-01-15T00:00:00Z,,144.0,0.585,0.0167899339672993,,
0x729832336b1344aab2531ba0bfb192a674fce114004eb020d5bc3cd9bfcb40d3,Will Ramaswamy place 2nd in the 2024 Iowa Caucus?,56518421738792629075650720815512829324685522602064974427948961748381559079562,1717761.93417,2024-01-08T19:14:04.794Z,2024-01-15T00:00:00Z,,144.0,0.0355,0.1275599062746368,,
0x4ddf0aa07f795ceb93ed0968ed5508eccf57bf0e7b1b79c204fa71be03a14690,Will Trump place 2nd in the 2024 Iowa Caucus?,42570970952496255129822520213039795026836998674477358201323313192977419433106,256271.357459,2024-01-08T19:14:04.794Z,2024-01-15T00:00:00Z,,144.0,0.014,0.0482892954578492,,
0x8f41b19c9df3d15bbc3343c2c5eb9281ad8f60828cb2253f52104aaceebb40d7,Will DeSantis place 2nd in the 2024 Iowa Caucus?,14670352990513104407314153539422237922872902390903329157454269104568117507345,421868.34487300005,2024-01-08T19:14:04.802Z,2024-01-15T00:00:00Z,,144.0,0.375,0.1024627999042271,,
0xdbec3f23bf64bc5fa02459705e581389a375530d27b8856651a6a73dce3c5982,Will someone else place 2nd in the 2024 Iowa Caucus?,79949908183842131237954280274952442517002135386471801160309404093122949632648,555599.932,2024-01-08T19:14:04.802Z,2024-01-15T00:00:00Z,,144.0,0.0015,0.0842700971600384,,
0x50a21e51cc42148ee129af89fecf0b5f3218d340d687521ef99cae84dd6b4291,Will Nikki Haley win the 2024 Republican Iowa Caucus?,13523137249951112077326627170171849224232457014547264934113561394395820729837,347771.355632,2024-01-08T20:23:55.761Z,2024-01-15T00:00:00Z,,143.0,0.009,0.0520814343178043,,
0x64c45a1d5835f6a5c81fd0e0800525aec6f9a747f8b131e39c4f761c983ff2dd,Will Ron DeSantis win the 2024 Republican Iowa Caucus?,86310340463892808761555885404464858703674921413641666743158519143345039876260,148029.577626,2024-01-08T20:23:55.77Z,2024-01-15T00:00:00Z,,143.0,0.004,0.0779561006012368,,
0xc8ffb21a7cd042a6a80fddf56036a6cc8042083aca589097a7e288eb61a8070f,Will Vivek Ramaswamy win the 2024 Republican Iowa Caucus?,18433191915792646101247166107606453404733678661132071183781703914619466489571,299249.401222,2024-01-08T20:23:55.771Z,2024-01-15T00:00:00Z,,143.0,0.0185,0.0820080408943295,,
0xdd9416a1ca64e689cd0787a801176885f65219a6c3cccb7faa0af66be6e1ce75,Will another candidate win the 2024 Republican Iowa Caucus?,67645780249954665766850455990726907702099952073483246914993376484554208624459,139659.1225,2024-01-08T20:23:55.778Z,2024-01-15T00:00:00Z,,142.0,0.0005,0.0,,
0xfe0d3ec264bf85733a175841fdc06f89d5292b604892ffd5b8df0a585f50319a,Will Donald Trump win the 2024 Republican Iowa Caucus?,83453998843603156655372531560149660513970525568588142080837138459147559357126,269888.036751,2024-01-08T20:27:20.644Z,2024-01-15T00:00:00Z,,143.0,0.971,0.0030335144616547,,
0xb0a06b05d49947a302d0c3648add3b6d6660380de6bdb6b79f0007f18daf3adb,2024 presidential election: GOP wins by 215+,34014631018780939568097313575560014481162170283396795113650279780110425245053,7262055.993012,2024-01-08T21:14:19.528Z,2024-11-04T12:00:00Z,,14.0,0.0115,0.1375380139575421,,
0xd007d71fd17b0913b9d7ff198f617caa96a9e4aab1bed7d6f9abd76bb17dd507,2024 presidential election: GOP wins by 155-214,65396714035221124737265515219989336303267439172398528294132309725835127126381,5230770.736357,2024-01-08T21:14:19.558Z,2024-11-04T12:00:00Z,,14.0,0.0215,0.1530888161341845,,
0xfdcd333ff42c2908a1c1ba56435e9de40969c32c1e83a1c2bc76352a74c5c0d8,2024 presidential election: GOP wins by 65-104,7616200168087679909520446105950285742392284096432045522969789820944838280581,7563202.909916,2024-01-08T21:19:54.593Z,2024-11-04T12:00:00Z,,14.0,0.2,0.0415853002421439,,
0x2a9c818392b7e213bebe13ef773d2ecfe637221dbe04c4b9f47a3ce890f1cf4c,2024 presidential election: GOP wins by 35-64,107390049390358131192470382018885046753276046579323899532999151577054727204097,6753406.418423,2024-01-08T21:19:54.641Z,2024-11-04T12:00:00Z,,14.0,0.135,0.0267715451587371,,
0x8651d7d8b6f27328ad61fab52940f3e689c73695d622e193df138b19685da421,2024 presidential election: GOP wins by 15-34,77649026382213877138153966649551404921672543352938596532281164750961184750506,5040359.62268,2024-01-08T21:19:54.646Z,2024-11-04T12:00:00Z,,14.0,0.055,0.0691021898756293,,
0x768eb43d1b7a745e0df1bb6050ab54aa3975fbbde6e23f4aa04cb527f5ffed2e,2024 presidential election: GOP wins by 1-4,79086902367494146250288799827118631783807623864486807335302788365567801974260,5813309.892014,2024-01-08T21:19:54.65Z,2024-11-04T12:00:00Z,,14.0,0.015,0.0239784635968389,,
0x28f66bed374181b08fa7b7eead51d69a4a1af868f8e7ff6944c649822d76aa03,2024 presidential election: GOP wins by 5-14,11673418683358866316301085387751523068048753966544150945611303267854659423322,5436305.368101,2024-01-08T21:19:54.65Z,2024-11-04T12:00:00Z,,14.0,0.025,0.0409603617593378,,
0x9c9c47de9c871b6cfbae8956f3586f09ae131c44f73e478bc824c106489dd930,2024 presidential election: Democrats win by 0-4,84759855875787376013070966191829270380532139665613953557972586200540529795281,5777920.118906,2024-01-08T21:20:45.024Z,2024-11-04T12:00:00Z,,14.0,0.0675,0.0237889415161106,,
0x272461ac34da7a85f4c7f6cad291b10b9268061e5813cad8c9cb9897cf0d94a9,2024 presidential election: Democrats win by 5-14,71018617251430864046344590528333955328584101403098703990890731434467520361394,6235007.012558,2024-01-08T21:24:21.852Z,2024-11-04T12:00:00Z,,14.0,0.053,0.0885483692158044,,
0xbe3afc95f538c106696a2b76a1eb6e2191b622b224ae9d888343ade752c634f1,2024 presidential election: Democrats win by 15-34,24480816455214308229531096762668154996473106215947694133124367155661709295355,5813696.52381,2024-01-08T21:24:21.946Z,2024-11-04T12:00:00Z,,14.0,0.052,0.0326562819921899,,
0xba8ded3f29006bb62e05590ebe5e04dc24e129e5c9d01e66e2943def1f780806,2024 presidential election: Democrats win by 35-64,55025728191360973219838021150407777764858944236363961405036384833102664242636,4503321.804578,2024-01-08T21:25:28.425Z,2024-11-04T12:00:00Z,,14.0,0.08,0.0413966294525049,,
0xfcb031253ecf0d6b9f75e3630dee3033ab6c8ee9cce0a3e47285b0d15d717b32,2024 presidential election: Democrats win by 65-104,88735821972129906164249182027715270538559976912140139667598209541927628533669,5777360.064778,2024-01-08T21:25:28.49Z,2024-11-04T12:00:00Z,,14.0,0.132,0.0120336096769984,,
0x23df7c359c5641fceed71bd62edda6a4a4997b66566d137a5e639434c8444b2c,2024 presidential election: Democrats win by 105-154,6958226261986895321894171664134250727726877795295745054057860512934310352857,6153981.286456,2024-01-08T21:26:42.847Z,2024-11-04T12:00:00Z,,14.0,0.0455,0.0486795263488716,,
0xff5c1e73e31ad495136fcafce90710a3a1771a96f07116db60aeaae095c0ec29,2024 presidential election: Democrats win by 215+,101420809795991050463357193190190217433473974978220642065802556532442264744912,6016787.147049,2024-01-08T21:27:34.486Z,2024-11-04T12:00:00Z,,14.0,0.0495,0.1028250133132415,,
0x5b0d7b5bd4c83e129c1918e6a301b910f442297c8ad791a5f80a30dfe941bcb2,Boeing Max 9 cleared to fly by Friday?,55620147592978836382840947373404336458629662770698330247941181897216578367305,9935.339364,2024-01-08T21:35:49.842Z,2024-01-12T00:00:00Z,,72.0,0.0065,0.1443849667649732,,
0x911d086ef50a087b694d40ffa105b8a384a3275aa66ff4fa66e55da1ff91f6b3,Will Donald J. Trump win the 2024 Republican presidential nomination?,59148051098887930522073798732825622149012805909987461569002068477591645842343,6074886.86245,2024-01-08T22:01:41.041Z,2024-07-13T00:00:00Z,,145.0,0.9955,0.0003608031627783,,
0x7703a1a7d3834391fe4121aa80c562bff05c9f4476ac59002b746b10e0a1050e,Will Ron DeSantis win the 2024 Republican Presidential Nomination?,72617564319258094817075884979740787617526271533416402804843182784071940697251,416207.426158,2024-01-08T22:01:41.139Z,2024-07-13T00:00:00Z,,145.0,0.0005,0.0,,
0xd35c80d2f97f129c9297139425e0e19fc8ce596af45a68cb5fde2ec9309d5392,Will Vivek Ramaswamy win the 2024 Republican Presidential Nomination?,101254748381406585873617235607582354349742745868141770929772966695498596581507,452582.181605,2024-01-08T22:01:41.147Z,2024-07-13T00:00:00Z,,145.0,0.0015,0.0928611242975073,,
0x2a73336e8c3ef5370ec96357f575fdbf5e2a457f012a04cad85da6ab07b2f8dc,Will Nikki Haley win the 2024 Republican Presidential Nomination?,43745061594549626939183888530294719836847085560900268909634157861936766548579,854534.257974,2024-01-08T22:01:41.149Z,2024-07-13T00:00:00Z,,145.0,0.0025,0.0750117580089535,,
0x653483009043f1663360bc35ed8fb542d3f9453916082d20ff025adaa2fe7032,Will Joe Biden win the 2024 Democratic Presidential Nomination?,29771515314065403331935508893946579645282141892225585852084723308418208825505,57519438.444639,2024-01-08T22:29:46.401Z,2024-08-18T12:00:00Z,,14.0,0.0005,0.0,,
0xd6f4c41fd20b8c6d5b48d528ead981d8fdf3da99d05018443e2d5bc60085e3dd,Will Gavin Newsom win the 2024 Democratic Presidential Nomination?,17271282640034103271682737572094837186921498503512408359915534513146889691691,37514692.524769,2024-01-08T22:29:46.56Z,2024-08-19T00:00:00Z,,12.0,0.0005,0.3290635626787449,,
0xd28eff5dc23bc2520042f8722add1afc39cdc9ea00650262e75a5d3bafeed06b,Will Robert F. Kennedy Jr. win the 2024 Democratic Presidential Nomination?,45953708040415323851345959272230471403549163136709199942561817848627731960909,28528853.89392,2024-01-08T22:29:46.579Z,2024-08-19T00:00:00Z,,13.0,0.0005,0.0,,
0x9e9071636d176562592a98dfede865385ba0cff7864cfa01f0479ca6e9e26e1b,Will Kamala Harris win the 2024 Democratic Presidential Nomination?,61307174745343826105381155328818841321097085669107501488931143161146416325701,54563172.651864,2024-01-08T22:29:46.585Z,2024-08-19T00:00:00Z,,9.0,0.9985,0.005022479387194,,
0xea236b37f6ba053c48240dafea9b4b745ce43aebd44d8911df35302d1ac951a3,Will Hillary Clinton win the 2024 Democratic Presidential Nomination?,101015352831936309774021600064885251763304202685599258456244867148938388560483,35289981.75504,2024-01-08T22:29:46.588Z,2024-08-19T00:00:00Z,,14.0,0.0005,0.2401922307076306,,
0x2d606a51f902a4d934a4b810dd77cb28bb8e40268f42354057b5a47f9799efad,Will Michelle Obama win the 2024 Democratic Presidential Nomination?,114906809173953523276355880925100389606649541176600550608761173629971358774558,47510450.440678,2024-01-08T22:29:46.589Z,2024-08-19T00:00:00Z,,9.0,0.0005,0.4845601328439481,,
0x475e0fd32b211c0cfe6755638efceba2373d01a7224c7750f77f978db104f639,2024 presidential election: GOP wins by 105-154,91932832596060744099888677327122616645772550393074504705362648525145533535677,6473740.733323,2024-01-08T23:05:47.007Z,2024-11-04T12:00:00Z,,12.0,0.0695,0.0232821372931009,,
0x14a087f7b1b23b9a3c32799255edf18832d548302d6657efdba816a458a18d4f,2024 presidential election: Democrats win by 155-214,49053375994742571860652088315085884720283262308934567514143770147957981207450,5393718.822278,2024-01-08T23:06:34.421Z,2024-11-04T12:00:00Z,,12.0,0.037,0.0296372335933108,,
0xcd1b6b71a1964f15e2c14809594cbfa0d576270e8ef94c8c24913121097e09e5,Will Donald Trump win the popular vote in the 2024 Presidential Election?,42699080635179861375280720242213672850141860123562672932351602811041149946128,119932620.818624,2024-01-09T18:05:18.484Z,2024-11-05T12:00:00Z,,17.0,0.2735,0.038718643641371,,
0x265366ede72d73e137b2b9095a6cdc9be6149290caa295738a95e3d881ad0865,Kamala Harris wins the popular vote?,21271000291843361249209065706097167029083067325856089903026951915683588703117,163779786.645492,2024-01-09T18:29:49.185Z,2024-11-05T12:00:00Z,,17.0,0.728,0.0155108297828117,,
0x31c07a75f26c614c1dceeeed1987e1a6e1993eaac31cb64ee551779b982877f8,Will Israel invade Lebanon by January 20?,90270776269381166734049217225029501902080348388785559377507508772215080472905,61818.628205,2024-01-09T20:27:53.979Z,2024-01-20T00:00:00Z,,242.0,0.014,0.0792181604972757,,
0xab5a824fa074725200fac54ead9ffa9c5db46ded28e430e41960bf53e32c95a2,"$BTC price <$40,000 1 hour after ETF approval?",28262017238912106802357250688889987992706093232254381150145828632142084764689,24026.124249,2024-01-09T22:09:43.907Z,2024-01-14T00:00:00Z,,27.0,0.0005,0.311243278159986,,
0xfa0203e445285919305e4e37ddf6cb95288298f23e37b3391133983df800d01f,"$BTC price between $42,500-45,000 1 hour after ETF approval?",74877517816716607704547550775104002406689041460561670464413989711589305979179,14359.479142,2024-01-09T22:09:44Z,2024-01-14T00:00:00Z,,36.0,0.0005,0.3338762410255221,,
0x0d20dd1de97ba9f5d3199f7499481b67616798aa25a090494060796b1fff0227,"$BTC price between $40,000-42,500 1 hour after ETF approval?",10246549913932091413914204681054965854277852489149470439595454797139035107385,9341.505928,2024-01-09T22:09:44.006Z,2024-01-14T00:00:00Z,,28.0,0.0005,0.272431146245894,,
0x9427fd6894b4118730c1ea05cc8e4b9b7c494109649eb6fdeb5f1eef17ad96b6,"$BTC price between $47,500-50,000 1 hour after ETF approval?",32644838550205121085817389208417449829680012484128905272385580870811785090544,13271.114509,2024-01-09T22:09:44.008Z,2024-01-15T00:00:00Z,,35.0,0.0005,0.5742748687271777,,
0xd9f8baede3f0a2ca3778fcf30db3ff718f7da1062bce416a3616d5325420501a,"$BTC price >$50,000 1 hour after ETF approval?",76413529597762073338279272847422360395007311469896773632125218815344087594975,23722.120464,2024-01-09T22:09:44.009Z,2024-01-15T00:00:00Z,,28.0,0.01,4.054909720030818,,
0x4c430f7a539d4af93ef7a0c16fc2f537de23b20fb7d697e428e0e4626a85fead,"$BTC price between $45,000-47,500 1 hour after ETF approval?",82878016478182062256721598607187455661077920887199486153439108543011754624710,12755.713825,2024-01-09T22:09:44.02Z,2024-01-14T00:00:00Z,,34.0,0.9995,0.2020379605472047,,
0x8204779ca8584f1349ddaaed68b63b8509fb3d1deab321180288e48b2961232a,Bitcoin ETF doesn't get approval by Jan 15?,103947399955870830770036861867677549777439910934176015860999934981321075217264,27613.166095,2024-01-09T23:14:45.147Z,2024-01-15T00:00:00Z,,36.0,0.0005,1.798160141702953,,
0xb240cd63bae02e0b593cbe69844a64e46549d8af655498ea860ea7c514412113,Was @SECGov really hacked?,87226944957845844213558978518999124163067594848114444795181070041723786786731,258357.312431,2024-01-09T23:32:25.991Z,2024-01-12T00:00:00Z,,47.0,0.9925,0.0004618203810758,,
0x80d5e8a516e60083f1d8abbae83a2b690e7dbb9c1c1c894627738cedb6cb402e,Trump margin of victory in Iowa Caucus <20%,18498603385083468852226405234006771735151910657593805408143479922916922535277,58933.875558,2024-01-10T18:20:33.887Z,2024-01-15T00:00:00Z,,77.0,0.055,0.0519607590055942,,
0x88b97883f512e1ba03597b7f2ea82b9a52ed7e745547bce89c49f754ad22c9a1,Will Trump lose the 2024 Iowa Caucus?,87336483034709735454481572550279705246983976212685962355517167042768980849708,19806.269334,2024-01-10T18:20:33.918Z,2024-01-15T00:00:00Z,,77.0,0.0155,0.0601384564631861,,
0x4dd13b533072528934eefd9aa816fcc97253e7cd1d4f40c12769fd7f52c3e0fa,Trump margin of victory in Iowa Caucus 20-25%,9921302158902229721472945626779827988857877615552329683246669852181218855314,55430.978938,2024-01-10T18:20:33.918Z,2024-01-15T00:00:00Z,,77.0,0.135,0.0980275369059621,,
0xe5d5792995784f034f1c5a73e1885127ac7242186c23ad7883ca630a312615a7,Trump margin of victory in Iowa Caucus 25-30%,96997218079185941998356144696783864822590439522040509953491014386238407189921,58545.832415,2024-01-10T18:20:33.922Z,2024-01-15T00:00:00Z,,77.0,0.26,0.0893607976271019,,
0x3f860955f69ee121da47c2840509ada04b6776b95a1219335efa5dcffbac0815,Trump margin of victory in Iowa Caucus 30-35%,49602774028988829257360913863105865810189747816563725658625087775916891704633,74964.85853499999,2024-01-10T18:20:33.926Z,2024-01-15T00:00:00Z,,77.0,0.275,0.3772227057051803,,
0xd8f72016370aba96d815f86f27d242e30115589ca69a1cb8c9f19148234cbe7a,Trump margin of victory in Iowa Caucus 35-40%,77062198638238970866032449275114605400043638019162550281808060377205348323027,84533.105041,2024-01-10T18:20:33.931Z,2024-01-15T00:00:00Z,,77.0,0.22,0.2915188869364327,,
0xa8f7ccc1a0299583b1bd8b8fa5a559964a1b9ab1a3ff75b60bcc69c722e3111c,Trump margin of victory in Iowa Caucus >40%,81681999501807157439319856427554056905494598029267051705504100302004597755295,84429.919685,2024-01-10T18:20:33.931Z,2024-01-15T00:00:00Z,,76.0,0.1,0.1037869385201673,,
0x55f069932dd8b7553b98e6285a81594edf33f2699756280cf7ddeac90eab79ec,Will there be a US government shutdown by Jan 20?,916652542787015485687061399240227024282948971589640746479868246882796456492,124889.425784,2024-01-10T19:06:27.076Z,2024-01-20T00:00:00Z,,215.0,0.0005,0.6724287918637412,,
0x64669793efb09a7320e5bf0d28ada846e8d378563a6eb0cec9812177fe215f43,Will Musk tweet less than 160 times between Jan 10-16?,52161055987385456459452919426156131848577101404058559581631362251013995680002,5280.299486,2024-01-10T20:19:22.09Z,2024-01-16T00:00:00Z,,121.0,0.01,0.0097201973919967,,
0x76b470cb9a2edd52924f3268396c0d851db526c343e9f701331743f81cb0d163,Will Musk tweet between 160-225 times between Jan 10-16?,15033203810519672702963666257863397623443243785169988617748395760597265391030,5026.853066,2024-01-10T20:19:22.165Z,2024-01-16T00:00:00Z,,121.0,0.25,0.1011210384739005,,
0xd6b2889953ade7241e93fef57dedf4db7b20aa543c86efa2a48cb2f696b88b6c,Will they find another Jewish tunnel in NYC by Monday?,94242042401405349800999787747172102050699742770697566404287159067735404484559,8795.432162,2024-01-10T21:45:35.836Z,2024-01-15T00:00:00Z,,97.0,0.0155,0.0569648777391436,,
0xf1c1fcc3efe839e5a022574c0263cb967ee3355f6b58edbca596958a8919343a,BTC ETFs first week combined AUM under $10 billion?,23227039880009735168368797727475823955309076994648267727149759621050923422732,604171.528768,2024-01-10T22:21:10.799Z,2024-01-19T00:00:00Z,,190.0,0.0025,0.1360827634879543,,
0x7e799a35d58bbfe4f8e70b9ee908fb9f53f863f6cc93b1cc006e35221aa8647d,BTC ETFs first week combined AUM between $10-30 billion?,84153216509123083671386678487731165844661106322769413177186644066806577869159,149306.39333700002,2024-01-10T22:21:10.851Z,2024-01-19T00:00:00Z,,190.0,0.989,0.0119213338413553,,
0xca92ec28e43948c3b41a87ea94c74aea851924e085ff624df9fb03d83e668109,BTC ETFs first week combined AUM between $30-60 billion?,68057162773232784709584478198282738592674472035174198379158954794818472764653,109277.682058,2024-01-10T22:21:10.856Z,2024-01-19T00:00:00Z,,190.0,0.021,0.2517219401954758,,
0x9fe78759b4412e42a81e2ada75a35360d14938eb84600eb7dbd7e6f14ddbb19f,BTC ETFs first week combined AUM over $60 billion?,91746004869662235666334796486262981828588651729447977756656169138950191488450,154511.208714,2024-01-10T22:21:10.856Z,2024-01-19T00:00:00Z,,190.0,0.0005,0.0,,
0xa537b4d87e937d7de93ba20cc89d6a67d00e89fddf2f02d3f0271e002a6d97b7,Continued US strikes against Houthis?,79384055169920582893516755487000838299392143307973193001908573552581963488711,21550.297593000003,2024-01-12T00:29:52.977Z,2024-01-14T00:00:00Z,,28.0,0.9995,0.8095817724150108,,
0x4372614786010b9b7fb52cffa0bdc1359ea81c7cbc75c5bbc619c68326692b37,Will Donald Trump Jr. win the 2024 Republican Presidential Nomination?,36731942161865303236107356691989303498849585292019431526430922204976385577778,827477.863334,2024-01-12T19:05:36.769Z,2024-07-13T00:00:00Z,,52.0,0.0005,0.0,,
0x59d7ec34e4f9ef67350a97363baeaee60bd7979091cc166420b08a17e38aa43f,Will someone else win the 2024 Republican Presidential Nomination?,34197655511179582524440886169284213937491355265852412707455951709268822723994,771652.863812,2024-01-12T19:15:13.828Z,2024-07-13T00:00:00Z,,52.0,0.0025,0.095061732840866,,
0xe91b26e02e0a35d164b243a1b1a70d5886441084e9da1f3f664f052730030cbb,Finnish Presidential Election: Will Alexander Stubb win?,62471964247263026853388777058136273249949767110527376445244748878335672643018,229590.359179,2024-01-12T21:22:28.466Z,2024-01-25T00:00:00Z,,191.0,0.845,0.0038824120941577,,
0x15a4bdba97f192528be64824720a0c7c70b5e6889e039b5ed11e399c89ecbfe8,Finnish Presidential Election: Will Pekka Haavisto win?,101925685470120479562062772358573024242588124565238530106669234637628108688549,221233.399295,2024-01-12T21:22:28.5Z,2024-01-26T00:00:00Z,,215.0,0.105,0.033486047782837,,
0xa2279b962c1fa4616bf04f0d54a9a1f3b1697db528c4d2a939ca15ece667f075,Finnish Presidential Election: Will Olli Rehn win?,97949868482331892937872138123082774889228648629480982700798780919682297501850,24894.852833,2024-01-12T21:24:28.98Z,2024-01-26T00:00:00Z,,215.0,0.0105,0.0490279743117195,,
0x420fcc123beef1d4cba887bd68a0c430b910683915daea32ecec0f8bd65fe2f1,Finnish Presidential Election: Will Jussi Halla-aho win?,9611440891855216962573376732864510973450533939789064172247923332353980803083,103857.344203,2024-01-12T21:24:29.071Z,2024-01-26T00:00:00Z,,215.0,0.03,0.0392847902445151,,
0x00b2eb5d405afe24310fcd3470b145d4cadb2a6b18e4a988f487f68a7d4ecbf5,Finnish Presidential Election: Will Jutta Urpilainen win?,69865276162777894638910128059164515207030304333203272300053280441889001808733,10646.22,2024-01-12T21:24:29.094Z,2024-01-26T00:00:00Z,,215.0,0.0005,0.17860862707794,,
0x830fe8eb8ab09693af821fba6d1d2c5369a696715c029b978e06df41cc614390,Trump margin of victory in New Hampshire Primary >15%,79044640158034091299262760108813957417246768673122071583111344168798410046359,997617.257422,2024-01-16T16:45:02.413Z,2024-01-22T00:00:00Z,,125.0,0.62,0.0535242211074722,,
0x58a6ab5c8c99249e86e856da84e764a8279237b16004f7e0ae1ffadc24dece6a,Trump margin of victory in New Hampshire Primary 12.5-15%,95340816817297779257311563457534754007219108842735813912850857835597793314229,313736.562152,2024-01-16T16:46:40.647Z,2024-01-22T00:00:00Z,,125.0,0.14,0.0446157495386698,,
0x166ad5a3914c4dfaf4e8eb851f167c04797f2abbb3427ddf688c363d1c68fe6e,Trump margin of victory in New Hampshire Primary 10-12.5%,104051242495506365182402307259846560093979149404888100497502255936331840802524,344986.22496499994,2024-01-16T16:51:45.014Z,2024-01-22T00:00:00Z,,125.0,0.11,0.0435524170145622,,
0x72302e55870853118f30b009d046a0b6d0c1b7428d2bdef7700a4f6131f78a1d,Trump margin of victory in New Hampshire Primary 7.5-10%,78239015088840576439542853747850639603486322019626390600545801287331642750549,266382.937415,2024-01-16T16:51:45.093Z,2024-01-22T00:00:00Z,,125.0,0.05,0.0583750836649885,,
0xa9e204946babab23bfca5d712c4c8db9d7dc444dbe7ab6749c5bd15a7a6e2129,Trump margin of victory in New Hampshire Primary 0-2.5%,8773986590830415530323848337302156082234957618136684884944698290459544145793,99924.953131,2024-01-16T16:51:45.108Z,2024-01-22T00:00:00Z,,125.0,0.0235,0.0460547040090763,,
0x9942056d5a5b46d26b266aedfcf1ed709c2aebc929d966b03ffba1251f9ee210,Trump margin of victory in New Hampshire Primary 5-7.5%,4067699439932778634729801194045514254779881796328834928646756174668997653238,93899.713299,2024-01-16T16:51:45.104Z,2024-01-22T00:00:00Z,,125.0,0.045,0.0418643121815199,,
0xee1367a69510ba9b96b5a7834b27627c05f66a2373238b2aa26447318ae04e30,Trump margin of victory in New Hampshire Primary 2.5-5%,2110797431341195970880668663792066680138404460145169639018021170359309990636,79804.463649,2024-01-16T16:51:45.108Z,2024-01-22T00:00:00Z,,125.0,0.05,0.0357752980036232,,
0xd935ca35c40b2283190499f6c7cadae2815e5c8b341a1757a42b96a254526215,Will Trump lose the New Hampshire Primary?,49348520126295631632247069992388808109276574348769920171271026614189169214957,152499.560264,2024-01-16T16:57:11.883Z,2024-01-22T00:00:00Z,,125.0,0.0245,0.1431696944990746,,
